-- phpMyAdmin SQL Dump
-- version 5.0.3
-- https://www.phpmyadmin.net/
--
-- Host: 127.0.0.1
-- Generation Time: Dec 16, 2025 at 01:44 PM
-- Server version: 10.4.14-MariaDB
-- PHP Version: 7.4.11

SET SQL_MODE = "NO_AUTO_VALUE_ON_ZERO";
START TRANSACTION;
SET time_zone = "+00:00";


/*!40101 SET @OLD_CHARACTER_SET_CLIENT=@@CHARACTER_SET_CLIENT */;
/*!40101 SET @OLD_CHARACTER_SET_RESULTS=@@CHARACTER_SET_RESULTS */;
/*!40101 SET @OLD_COLLATION_CONNECTION=@@COLLATION_CONNECTION */;
/*!40101 SET NAMES utf8mb4 */;

--
-- Database: `merge`
--

-- --------------------------------------------------------

--
-- Table structure for table `checkindescs`
--

CREATE TABLE `checkindescs` (
  `id` bigint(20) UNSIGNED NOT NULL,
  `fname` varchar(255) COLLATE utf8mb4_unicode_ci NOT NULL,
  `lname` varchar(255) COLLATE utf8mb4_unicode_ci NOT NULL,
  `homenumber` varchar(255) COLLATE utf8mb4_unicode_ci NOT NULL,
  `amount` int(11) NOT NULL DEFAULT 0,
  `paid` int(11) NOT NULL DEFAULT 0,
  `paidstat` varchar(255) COLLATE utf8mb4_unicode_ci NOT NULL DEFAULT '0',
  `check` varchar(255) COLLATE utf8mb4_unicode_ci NOT NULL DEFAULT '0',
  `updatecode` varchar(255) COLLATE utf8mb4_unicode_ci DEFAULT '0',
  `user_id` bigint(20) UNSIGNED NOT NULL,
  `checkin_id` bigint(20) UNSIGNED NOT NULL,
  `created_at` timestamp NULL DEFAULT NULL,
  `updated_at` timestamp NULL DEFAULT NULL
) ENGINE=InnoDB DEFAULT CHARSET=utf8mb4 COLLATE=utf8mb4_unicode_ci;

--
-- Dumping data for table `checkindescs`
--

INSERT INTO `checkindescs` (`id`, `fname`, `lname`, `homenumber`, `amount`, `paid`, `paidstat`, `check`, `updatecode`, `user_id`, `checkin_id`, `created_at`, `updated_at`) VALUES
(43, 'Eikq', 'Sirivaradeechtanakul', '1', 0, 0, '0', '1', '0', 21, 6, '2025-12-01 00:30:12', '2025-12-02 00:13:23'),
(44, 'Moji', 'Wisejworawej', '1', 0, 0, '0', '0', '0', 25, 6, '2025-12-01 00:30:12', '2025-12-01 00:30:12'),
(45, 'Orty', 'Mangkornjaochu', '1', 0, 0, '0', '1', '0', 20, 6, '2025-12-01 00:30:12', '2025-12-01 00:30:12'),
(46, 'Poploy', 'Moset', '1', 0, 0, '0', '1', '0', 12, 6, '2025-12-01 00:30:12', '2025-12-02 00:13:23'),
(47, 'Real', 'Hmeee', '1', 0, 0, '0', '0', '0', 14, 6, '2025-12-01 00:30:12', '2025-12-01 00:30:12'),
(48, 'Snim', 'Croft', '1', 0, 0, '0', '1', '0', 4, 6, '2025-12-01 00:30:12', '2025-12-02 00:13:23'),
(49, 'Beb', 'Raikaat', '2', 0, 0, '0', '0', '0', 13, 5, '2025-12-02 00:13:34', '2025-12-02 00:13:34'),
(50, 'Betty', 'Westwood', '2', 0, 0, '0', '0', '0', 2, 5, '2025-12-02 00:13:34', '2025-12-02 00:13:34'),
(51, 'Coco', 'Voyage', '2', 0, 0, '0', '0', '0', 8, 5, '2025-12-02 00:13:34', '2025-12-02 00:13:34'),
(52, 'Txrbo', 'Raikaat', '2', 0, 0, '0', '0', '0', 17, 5, '2025-12-02 00:13:34', '2025-12-02 00:13:34'),
(53, 'Zenooo', 'Justwannaknow', '2', 0, 0, '0', '0', '0', 23, 5, '2025-12-02 00:13:34', '2025-12-02 00:13:34'),
(54, 'Zheps', 'Baancoke', '2', 0, 0, '0', '0', '0', 3, 5, '2025-12-02 00:13:34', '2025-12-02 00:13:34'),
(55, 'Beb', 'Raikaat', '2', 0, 0, '1', '1', '0', 13, 6, '2025-12-02 00:13:34', '2025-12-02 21:21:04'),
(56, 'Betty', 'Westwood', '2', 0, 0, '0', '1', '0', 2, 6, '2025-12-02 00:13:34', '2025-12-02 00:13:34'),
(57, 'Coco', 'Voyage', '2', 0, 0, '0', '1', '0', 8, 6, '2025-12-02 00:13:34', '2025-12-02 00:13:34'),
(58, 'Txrbo', 'Raikaat', '2', 0, 0, '0', '1', '0', 17, 6, '2025-12-02 00:13:34', '2025-12-02 00:13:34'),
(59, 'Zenooo', 'Justwannaknow', '2', 0, 0, '0', '1', '0', 23, 6, '2025-12-02 00:13:34', '2025-12-02 00:13:34'),
(60, 'Zheps', 'Baancoke', '2', 0, 0, '0', '0', '0', 3, 6, '2025-12-02 00:13:34', '2025-12-02 00:13:34'),
(61, 'Alvin', 'WatDaiTukTua', '3', 0, 0, '0', '0', '0', 6, 5, '2025-12-02 00:14:00', '2025-12-02 00:14:00'),
(62, 'Kraken', 'Aonglong', '3', 0, 0, '0', '0', '0', 28, 5, '2025-12-02 00:14:00', '2025-12-02 00:14:00'),
(63, 'PP', 'Spanser', '3', 0, 0, '0', '0', '0', 26, 5, '2025-12-02 00:14:00', '2025-12-02 00:14:00'),
(64, 'Ro', 'TNP', '3', 0, 0, '0', '0', '0', 7, 5, '2025-12-02 00:14:00', '2025-12-02 00:14:00'),
(65, 'Tum', 'Ggez', '3', 0, 0, '0', '0', '0', 10, 5, '2025-12-02 00:14:00', '2025-12-02 00:14:00'),
(66, 'Verse', 'Certifiedredflag', '3', 0, 0, '0', '0', '0', 30, 5, '2025-12-02 00:14:00', '2025-12-02 00:14:00'),
(67, 'Alvin', 'WatDaiTukTua', '3', 0, 0, '0', '0', '0', 6, 6, '2025-12-02 00:14:01', '2025-12-02 00:14:01'),
(68, 'Kraken', 'Aonglong', '3', 0, 0, '0', '0', '0', 28, 6, '2025-12-02 00:14:01', '2025-12-02 00:14:01'),
(69, 'PP', 'Spanser', '3', 0, 0, '0', '0', '0', 26, 6, '2025-12-02 00:14:01', '2025-12-02 00:14:01'),
(70, 'Ro', 'TNP', '3', 0, 0, '0', '0', '0', 7, 6, '2025-12-02 00:14:01', '2025-12-02 00:14:01'),
(71, 'Tum', 'Ggez', '3', 0, 0, '0', '1', '0', 10, 6, '2025-12-02 00:14:01', '2025-12-02 00:14:01'),
(72, 'Verse', 'Certifiedredflag', '3', 0, 0, '0', '0', '0', 30, 6, '2025-12-02 00:14:01', '2025-12-02 00:14:01'),
(73, 'Apex', 'Asewahemthenwankulwong', '4', 0, 0, '0', '0', '0', 22, 5, '2025-12-02 00:15:08', '2025-12-02 00:15:08'),
(74, 'Childe', 'Atreides', '4', 0, 0, '0', '0', '0', 29, 5, '2025-12-02 00:15:08', '2025-12-02 00:15:08'),
(75, 'Esso', 'Luvter', '4', 0, 0, '0', '0', '0', 1, 5, '2025-12-02 00:15:08', '2025-12-02 00:15:08'),
(76, 'Kiwi', 'Targayen', '4', 0, 0, '0', '0', '0', 9, 5, '2025-12-02 00:15:08', '2025-12-02 00:15:08'),
(77, 'Luna', 'Corleone', '4', 0, 0, '0', '0', '0', 19, 5, '2025-12-02 00:15:08', '2025-12-02 00:15:08'),
(78, 'Muyu', 'Atreides', '4', 0, 0, '0', '0', '0', 27, 5, '2025-12-02 00:15:08', '2025-12-02 00:15:08'),
(79, 'Apex', 'Asewahemthenwankulwong', '4', 0, 0, '1', '1', '0', 22, 6, '2025-12-02 00:15:08', '2025-12-02 21:21:00'),
(80, 'Childe', 'Atreides', '4', 0, 0, '0', '0', '0', 29, 6, '2025-12-02 00:15:08', '2025-12-02 00:15:08'),
(81, 'Esso', 'Luvter', '4', 0, 0, '0', '0', '0', 1, 6, '2025-12-02 00:15:08', '2025-12-02 00:15:08'),
(82, 'Kiwi', 'Targayen', '4', 0, 0, '0', '1', '0', 9, 6, '2025-12-02 00:15:08', '2025-12-02 00:15:08'),
(83, 'Luna', 'Corleone', '4', 0, 0, '0', '1', '0', 19, 6, '2025-12-02 00:15:08', '2025-12-02 00:15:08'),
(84, 'Muyu', 'Atreides', '4', 0, 0, '0', '1', '0', 27, 6, '2025-12-02 00:15:08', '2025-12-02 00:15:08'),
(85, 'Aezen', 'Trillest', '5', 0, 0, '0', '0', '0', 18, 5, '2025-12-02 00:15:33', '2025-12-02 00:15:33'),
(86, 'Jxyson', 'Trillest', '5', 0, 0, '0', '0', '0', 5, 5, '2025-12-02 00:15:33', '2025-12-02 00:15:33'),
(87, 'Mary', 'Jxn', '5', 0, 0, '0', '0', '0', 15, 5, '2025-12-02 00:15:33', '2025-12-02 00:15:33'),
(88, 'Mikey', 'Trillest', '5', 0, 0, '0', '0', '0', 24, 5, '2025-12-02 00:15:33', '2025-12-02 00:15:33'),
(89, 'Time', 'Trillest', '5', 0, 0, '0', '0', '0', 16, 5, '2025-12-02 00:15:33', '2025-12-02 00:15:33'),
(90, 'Yoyo', 'Trillest', '5', 0, 0, '0', '0', '0', 11, 5, '2025-12-02 00:15:34', '2025-12-02 00:15:34'),
(91, 'Aezen', 'Trillest', '5', 0, 0, '0', '0', '0', 18, 6, '2025-12-02 00:15:34', '2025-12-02 00:15:34'),
(92, 'Jxyson', 'Trillest', '5', 0, 0, '0', '1', '0', 5, 6, '2025-12-02 00:15:34', '2025-12-02 00:15:34'),
(93, 'Mary', 'Jxn', '5', 0, 0, '0', '1', '0', 15, 6, '2025-12-02 00:15:34', '2025-12-02 00:15:34'),
(94, 'Mikey', 'Trillest', '5', 0, 0, '0', '0', '0', 24, 6, '2025-12-02 00:15:34', '2025-12-02 00:15:34'),
(95, 'Time', 'Trillest', '5', 0, 0, '0', '0', '0', 16, 6, '2025-12-02 00:15:34', '2025-12-02 00:15:34'),
(96, 'Yoyo', 'Trillest', '5', 0, 0, '0', '0', '0', 11, 6, '2025-12-02 00:15:34', '2025-12-02 00:15:34'),
(97, 'Eikq', 'Sirivaradeechtanakul', '1', 0, 0, '0', '1', '0', 21, 7, '2025-12-02 21:02:37', '2025-12-02 21:21:13'),
(98, 'Moji', 'Wisejworawej', '1', 0, 0, '0', '0', '0', 25, 7, '2025-12-02 21:02:37', '2025-12-02 21:02:37'),
(99, 'Orty', 'Mangkornjaochu', '1', 0, 0, '0', '1', '0', 20, 7, '2025-12-02 21:02:37', '2025-12-02 21:21:13'),
(100, 'Poploy', 'Moset', '1', 0, 0, '0', '1', '0', 12, 7, '2025-12-02 21:02:37', '2025-12-02 21:21:13'),
(101, 'Real', 'Hmeee', '1', 0, 0, '0', '0', '0', 14, 7, '2025-12-02 21:02:37', '2025-12-02 21:02:37'),
(102, 'Snim', 'Croft', '1', 0, 0, '0', '1', '0', 4, 7, '2025-12-02 21:02:37', '2025-12-02 21:21:13'),
(103, 'Eikq', 'Sirivaradeechtanakul', '1', 195000, 195000, '1', '1', '0', 21, 8, '2025-12-02 21:02:37', '2025-12-03 00:15:54'),
(104, 'Moji', 'Wisejworawej', '1', 0, 0, '0', '0', '0', 25, 8, '2025-12-02 21:02:37', '2025-12-02 21:02:37'),
(105, 'Orty', 'Mangkornjaochu', '1', 195000, 195000, '1', '1', '0', 20, 8, '2025-12-02 21:02:37', '2025-12-03 21:38:14'),
(106, 'Poploy', 'Moset', '1', 195000, 195000, '1', '1', '0', 12, 8, '2025-12-02 21:02:37', '2025-12-03 00:16:12'),
(107, 'Real', 'Hmeee', '1', 0, 0, '0', '0', '0', 14, 8, '2025-12-02 21:02:37', '2025-12-02 21:02:37'),
(108, 'Snim', 'Croft', '1', 0, 0, '0', '0', '0', 4, 8, '2025-12-02 21:02:37', '2025-12-03 00:12:31'),
(109, 'Alvin', 'WatDaiTukTua', '3', 0, 0, '0', '0', '0', 6, 7, '2025-12-02 21:10:43', '2025-12-02 21:10:43'),
(110, 'Kraken', 'Aonglong', '3', 0, 0, '0', '1', '0', 28, 7, '2025-12-02 21:10:43', '2025-12-02 21:21:13'),
(111, 'PP', 'Spanser', '3', 0, 0, '0', '0', '0', 26, 7, '2025-12-02 21:10:43', '2025-12-02 21:10:43'),
(112, 'Ro', 'TNP', '3', 0, 0, '0', '1', '0', 7, 7, '2025-12-02 21:10:44', '2025-12-02 21:21:13'),
(113, 'Tum', 'Ggez', '3', 0, 0, '0', '0', '0', 10, 7, '2025-12-02 21:10:44', '2025-12-02 21:13:28'),
(114, 'Verse', 'Certifiedredflag', '3', 0, 0, '0', '1', '0', 30, 7, '2025-12-02 21:10:44', '2025-12-02 21:21:13'),
(115, 'Alvin', 'WatDaiTukTua', '3', 0, 0, '0', '0', '0', 6, 8, '2025-12-02 21:10:44', '2025-12-02 21:10:44'),
(116, 'Kraken', 'Aonglong', '3', 195000, 195000, '1', '1', '0', 28, 8, '2025-12-02 21:10:44', '2025-12-03 00:18:43'),
(117, 'PP', 'Spanser', '3', 0, 0, '0', '0', '0', 26, 8, '2025-12-02 21:10:44', '2025-12-02 21:10:44'),
(118, 'Ro', 'TNP', '3', 195000, 195000, '1', '1', '0', 7, 8, '2025-12-02 21:10:44', '2025-12-03 00:16:27'),
(119, 'Tum', 'Ggez', '3', 195000, 195000, '1', '1', '0', 10, 8, '2025-12-02 21:10:44', '2025-12-03 00:16:44'),
(120, 'Verse', 'Certifiedredflag', '3', 0, 0, '0', '0', '0', 30, 8, '2025-12-02 21:10:44', '2025-12-02 21:10:44'),
(121, 'Beb', 'Raikaat', '2', 0, 0, '0', '0', '0', 13, 7, '2025-12-02 21:13:08', '2025-12-02 21:13:08'),
(122, 'Betty', 'Westwood', '2', 0, 0, '0', '1', '0', 2, 7, '2025-12-02 21:13:08', '2025-12-02 21:21:13'),
(123, 'Coco', 'Voyage', '2', 0, 0, '0', '1', '0', 8, 7, '2025-12-02 21:13:08', '2025-12-02 21:21:13'),
(124, 'Txrbo', 'Raikaat', '2', 0, 0, '0', '1', '0', 17, 7, '2025-12-02 21:13:08', '2025-12-02 21:21:13'),
(125, 'Zenooo', 'Justwannaknow', '2', 0, 0, '0', '1', '0', 23, 7, '2025-12-02 21:13:08', '2025-12-02 21:21:13'),
(126, 'Zheps', 'Baancoke', '2', 0, 0, '0', '0', '0', 3, 7, '2025-12-02 21:13:08', '2025-12-02 21:13:08'),
(127, 'Beb', 'Raikaat', '2', 195000, 195000, '1', '1', '0', 13, 8, '2025-12-02 21:13:08', '2025-12-03 00:19:27'),
(128, 'Betty', 'Westwood', '2', 195000, 195000, '1', '1', '0', 2, 8, '2025-12-02 21:13:08', '2025-12-03 00:18:27'),
(129, 'Coco', 'Voyage', '2', 195000, 195000, '1', '1', '0', 8, 8, '2025-12-02 21:13:08', '2025-12-03 00:19:20'),
(130, 'Txrbo', 'Raikaat', '2', 195000, 195000, '1', '1', '0', 17, 8, '2025-12-02 21:13:08', '2025-12-03 00:18:50'),
(131, 'Zenooo', 'Justwannaknow', '2', 195000, 195000, '1', '1', '0', 23, 8, '2025-12-02 21:13:08', '2025-12-03 00:20:19'),
(132, 'Zheps', 'Baancoke', '2', 0, 0, '0', '0', '0', 3, 8, '2025-12-02 21:13:08', '2025-12-02 21:13:08'),
(133, 'Apex', 'Asewahemthenwankulwong', '4', 0, 159524, '1', '1', '0', 22, 7, '2025-12-02 21:13:43', '2025-12-02 21:21:13'),
(134, 'Childe', 'Atreides', '4', 0, 0, '0', '0', '0', 29, 7, '2025-12-02 21:13:43', '2025-12-02 21:13:43'),
(135, 'Esso', 'Luvter', '4', 0, 0, '0', '1', '0', 1, 7, '2025-12-02 21:13:43', '2025-12-02 21:21:13'),
(136, 'Kiwi', 'Targayen', '4', 0, 0, '0', '1', '0', 9, 7, '2025-12-02 21:13:43', '2025-12-02 21:21:13'),
(137, 'Luna', 'Corleone', '4', 0, 0, '0', '1', '0', 19, 7, '2025-12-02 21:13:43', '2025-12-02 21:21:13'),
(138, 'Muyu', 'Atreides', '4', 0, 0, '0', '1', '0', 27, 7, '2025-12-02 21:13:43', '2025-12-02 21:21:13'),
(139, 'Apex', 'Asewahemthenwankulwong', '4', 195000, 195000, '1', '1', '0', 22, 8, '2025-12-02 21:13:43', '2025-12-07 14:28:24'),
(140, 'Childe', 'Atreides', '4', 0, 0, '0', '0', '0', 29, 8, '2025-12-02 21:13:43', '2025-12-02 21:13:43'),
(141, 'Esso', 'Luvter', '4', 0, 0, '0', '0', '0', 1, 8, '2025-12-02 21:13:43', '2025-12-02 21:13:43'),
(142, 'Kiwi', 'Targayen', '4', 195000, 195000, '1', '1', '0', 9, 8, '2025-12-02 21:13:43', '2025-12-03 00:17:04'),
(143, 'Luna', 'Corleone', '4', 195000, 195000, '1', '1', '0', 19, 8, '2025-12-02 21:13:43', '2025-12-03 00:17:48'),
(144, 'Muyu', 'Atreides', '4', 195000, 195000, '1', '1', '0', 27, 8, '2025-12-02 21:13:43', '2025-12-04 00:06:18'),
(145, 'Aezen', 'Trillest', '5', 0, 159524, '1', '1', '0', 18, 7, '2025-12-02 21:14:00', '2025-12-02 21:21:14'),
(146, 'Jxyson', 'Trillest', '5', 0, 0, '0', '1', '0', 5, 7, '2025-12-02 21:14:00', '2025-12-02 21:21:14'),
(147, 'Mary', 'Jxn', '5', 0, 0, '0', '1', '0', 15, 7, '2025-12-02 21:14:00', '2025-12-02 21:21:14'),
(148, 'Mikey', 'Trillest', '5', 0, 0, '0', '1', '0', 24, 7, '2025-12-02 21:14:00', '2025-12-02 21:21:14'),
(149, 'Time', 'Trillest', '5', 0, 0, '0', '1', '0', 16, 7, '2025-12-02 21:14:00', '2025-12-02 21:21:14'),
(150, 'Yoyo', 'Trillest', '5', 0, 0, '0', '0', '0', 11, 7, '2025-12-02 21:14:00', '2025-12-02 21:14:00'),
(151, 'Aezen', 'Trillest', '5', 195000, 195000, '1', '1', '0', 18, 8, '2025-12-02 21:14:00', '2025-12-03 00:37:40'),
(152, 'Jxyson', 'Trillest', '5', 195000, 195000, '1', '1', '0', 5, 8, '2025-12-02 21:14:00', '2025-12-12 11:59:10'),
(153, 'Mary', 'Jxn', '5', 195000, 195000, '1', '1', '0', 15, 8, '2025-12-02 21:14:00', '2025-12-12 11:59:06'),
(154, 'Mikey', 'Trillest', '5', 195000, 195000, '1', '1', '0', 24, 8, '2025-12-02 21:14:00', '2025-12-03 00:37:54'),
(155, 'Time', 'Trillest', '5', 195000, 195000, '1', '1', '0', 16, 8, '2025-12-02 21:14:00', '2025-12-04 00:06:23'),
(156, 'Yoyo', 'Trillest', '5', 0, 0, '0', '0', '0', 11, 8, '2025-12-02 21:14:00', '2025-12-02 21:14:00'),
(157, 'Eikq', 'Sirivaradeechtanakul', '1', 153636, 0, '0', '1', '0', 21, 9, '2025-12-03 00:02:29', '2025-12-16 05:56:29'),
(158, 'Moji', 'Wisejworawej', '1', 0, 0, '0', '0', '0', 25, 9, '2025-12-03 00:02:29', '2025-12-03 00:02:29'),
(159, 'Orty', 'Mangkornjaochu', '1', 153636, 0, '0', '1', '0', 20, 9, '2025-12-03 00:02:29', '2025-12-16 05:56:29'),
(160, 'Poploy', 'Moset', '1', 153636, 0, '0', '1', '0', 12, 9, '2025-12-03 00:02:29', '2025-12-16 05:56:29'),
(161, 'Real', 'Hmeee', '1', 153636, 0, '0', '1', '0', 14, 9, '2025-12-03 00:02:29', '2025-12-16 05:56:29'),
(162, 'Snim', 'Croft', '1', 153636, 0, '0', '1', '0', 4, 9, '2025-12-03 00:02:29', '2025-12-16 05:56:29'),
(163, 'Eikq', 'Sirivaradeechtanakul', '1', 0, 0, '0', '1', '0', 21, 10, '2025-12-03 00:02:29', '2025-12-04 00:01:30'),
(164, 'Moji', 'Wisejworawej', '1', 0, 0, '0', '0', '0', 25, 10, '2025-12-03 00:02:29', '2025-12-03 00:02:29'),
(165, 'Orty', 'Mangkornjaochu', '1', 0, 0, '0', '1', '0', 20, 10, '2025-12-03 00:02:29', '2025-12-04 00:01:30'),
(166, 'Poploy', 'Moset', '1', 0, 0, '0', '1', '0', 12, 10, '2025-12-03 00:02:29', '2025-12-04 00:01:30'),
(167, 'Real', 'Hmeee', '1', 0, 0, '0', '1', '0', 14, 10, '2025-12-03 00:02:29', '2025-12-04 00:01:30'),
(168, 'Snim', 'Croft', '1', 0, 0, '0', '1', '0', 4, 10, '2025-12-03 00:02:29', '2025-12-04 00:01:30'),
(169, 'Beb', 'Raikaat', '2', 153636, 0, '0', '1', '0', 13, 9, '2025-12-03 21:06:03', '2025-12-16 05:56:29'),
(170, 'Betty', 'Westwood', '2', 153636, 0, '0', '1', '0', 2, 9, '2025-12-03 21:06:03', '2025-12-16 05:56:29'),
(171, 'Coco', 'Voyage', '2', 153636, 0, '0', '1', '0', 8, 9, '2025-12-03 21:06:03', '2025-12-16 05:56:29'),
(172, 'Txrbo', 'Raikaat', '2', 0, 0, '0', '0', '0', 17, 9, '2025-12-03 21:06:03', '2025-12-03 21:06:03'),
(173, 'Zenooo', 'Justwannaknow', '2', 153636, 0, '0', '1', '0', 23, 9, '2025-12-03 21:06:03', '2025-12-16 05:56:29'),
(174, 'Zheps', 'Baancoke', '2', 153636, 0, '0', '1', '0', 3, 9, '2025-12-03 21:06:03', '2025-12-16 05:56:29'),
(175, 'Beb', 'Raikaat', '2', 0, 0, '0', '1', '0', 13, 10, '2025-12-03 21:06:03', '2025-12-04 00:02:10'),
(176, 'Betty', 'Westwood', '2', 0, 0, '0', '1', '0', 2, 10, '2025-12-03 21:06:03', '2025-12-04 00:02:10'),
(177, 'Coco', 'Voyage', '2', 0, 0, '0', '1', '0', 8, 10, '2025-12-03 21:06:03', '2025-12-04 00:02:10'),
(178, 'Txrbo', 'Raikaat', '2', 0, 0, '0', '0', '0', 17, 10, '2025-12-03 21:06:03', '2025-12-03 21:06:03'),
(179, 'Zenooo', 'Justwannaknow', '2', 0, 0, '0', '1', '0', 23, 10, '2025-12-03 21:06:03', '2025-12-04 00:02:10'),
(180, 'Zheps', 'Baancoke', '2', 0, 0, '0', '1', '0', 3, 10, '2025-12-03 21:06:03', '2025-12-04 00:02:10'),
(181, 'Alvin', 'WatDaiTukTua', '3', 0, 0, '0', '0', '0', 6, 9, '2025-12-03 21:06:14', '2025-12-03 21:06:14'),
(182, 'Kraken', 'Aonglong', '3', 0, 0, '0', '0', '0', 28, 9, '2025-12-03 21:06:14', '2025-12-03 21:06:14'),
(183, 'PP', 'Spanser', '3', 0, 0, '0', '0', '0', 26, 9, '2025-12-03 21:06:14', '2025-12-03 21:06:14'),
(184, 'Ro', 'TNP', '3', 153636, 0, '0', '1', '0', 7, 9, '2025-12-03 21:06:14', '2025-12-16 05:56:29'),
(185, 'Tum', 'Ggez', '3', 153636, 0, '0', '1', '0', 10, 9, '2025-12-03 21:06:14', '2025-12-16 05:56:29'),
(186, 'Verse', 'Certifiedredflag', '3', 153636, 0, '0', '1', '0', 30, 9, '2025-12-03 21:06:14', '2025-12-16 05:56:29'),
(187, 'Alvin', 'WatDaiTukTua', '3', 0, 0, '0', '0', '0', 6, 10, '2025-12-03 21:06:14', '2025-12-03 21:06:14'),
(188, 'Kraken', 'Aonglong', '3', 0, 0, '0', '1', '0', 28, 10, '2025-12-03 21:06:14', '2025-12-04 00:03:00'),
(189, 'PP', 'Spanser', '3', 0, 0, '0', '0', '0', 26, 10, '2025-12-03 21:06:14', '2025-12-03 21:06:14'),
(190, 'Ro', 'TNP', '3', 0, 0, '0', '1', '0', 7, 10, '2025-12-03 21:06:14', '2025-12-04 00:02:28'),
(191, 'Tum', 'Ggez', '3', 0, 0, '0', '1', '0', 10, 10, '2025-12-03 21:06:14', '2025-12-04 00:02:28'),
(192, 'Verse', 'Certifiedredflag', '3', 0, 0, '0', '0', '0', 30, 10, '2025-12-03 21:06:14', '2025-12-03 21:06:14'),
(193, 'Apex', 'Asewahemthenwankulwong', '4', 153636, 0, '0', '1', '0', 22, 9, '2025-12-03 21:06:20', '2025-12-16 05:56:29'),
(194, 'Childe', 'Atreides', '4', 153636, 0, '0', '1', '0', 29, 9, '2025-12-03 21:06:20', '2025-12-16 05:56:29'),
(195, 'Esso', 'Luvter', '4', 153636, 0, '0', '1', '0', 1, 9, '2025-12-03 21:06:20', '2025-12-16 05:56:29'),
(196, 'Kiwi', 'Targayen', '4', 153636, 0, '0', '1', '0', 9, 9, '2025-12-03 21:06:20', '2025-12-16 05:56:29'),
(197, 'Luna', 'Corleone', '4', 153636, 0, '0', '1', '0', 19, 9, '2025-12-03 21:06:20', '2025-12-16 05:56:29'),
(198, 'Muyu', 'Atreides', '4', 153636, 0, '0', '1', '0', 27, 9, '2025-12-03 21:06:20', '2025-12-16 05:56:29'),
(199, 'Apex', 'Asewahemthenwankulwong', '4', 0, 0, '0', '0', '0', 22, 10, '2025-12-03 21:06:20', '2025-12-03 21:06:20'),
(200, 'Childe', 'Atreides', '4', 0, 0, '0', '0', '0', 29, 10, '2025-12-03 21:06:20', '2025-12-03 21:06:20'),
(201, 'Esso', 'Luvter', '4', 0, 0, '0', '0', '0', 1, 10, '2025-12-03 21:06:20', '2025-12-03 21:06:20'),
(202, 'Kiwi', 'Targayen', '4', 0, 0, '0', '1', '0', 9, 10, '2025-12-03 21:06:20', '2025-12-04 00:04:50'),
(203, 'Luna', 'Corleone', '4', 0, 0, '0', '1', '0', 19, 10, '2025-12-03 21:06:20', '2025-12-04 00:04:50'),
(204, 'Muyu', 'Atreides', '4', 0, 0, '0', '1', '0', 27, 10, '2025-12-03 21:06:20', '2025-12-04 00:04:50'),
(205, 'Aezen', 'Trillest', '5', 0, 0, '0', '0', '0', 18, 9, '2025-12-03 21:06:38', '2025-12-03 21:06:38'),
(206, 'Jxyson', 'Trillest', '5', 153636, 0, '0', '1', '0', 5, 9, '2025-12-03 21:06:38', '2025-12-16 05:56:29'),
(207, 'Mary', 'Jxn', '5', 153636, 0, '0', '1', '0', 15, 9, '2025-12-03 21:06:38', '2025-12-16 05:56:29'),
(208, 'Mikey', 'Trillest', '5', 153636, 0, '0', '1', '0', 24, 9, '2025-12-03 21:06:38', '2025-12-16 05:56:29'),
(209, 'Time', 'Trillest', '5', 0, 0, '0', '0', '0', 16, 9, '2025-12-03 21:06:38', '2025-12-03 21:06:38'),
(210, 'Yoyo', 'Trillest', '5', 0, 0, '0', '0', '0', 11, 9, '2025-12-03 21:06:38', '2025-12-03 21:06:38'),
(211, 'Aezen', 'Trillest', '5', 0, 0, '0', '0', '0', 18, 10, '2025-12-03 21:06:38', '2025-12-03 21:06:38'),
(212, 'Jxyson', 'Trillest', '5', 0, 0, '0', '0', '0', 5, 10, '2025-12-03 21:06:38', '2025-12-03 21:06:38'),
(213, 'Mary', 'Jxn', '5', 0, 0, '0', '0', '0', 15, 10, '2025-12-03 21:06:38', '2025-12-03 21:06:38'),
(214, 'Mikey', 'Trillest', '5', 0, 0, '0', '0', '0', 24, 10, '2025-12-03 21:06:38', '2025-12-03 21:06:38'),
(215, 'Time', 'Trillest', '5', 0, 0, '0', '0', '0', 16, 10, '2025-12-03 21:06:38', '2025-12-03 21:06:38'),
(216, 'Yoyo', 'Trillest', '5', 0, 0, '0', '0', '0', 11, 10, '2025-12-03 21:06:38', '2025-12-03 21:06:38'),
(217, 'Eikq', 'Sirivaradeechtanakul', '1', 0, 0, '0', '0', '0', 21, 11, '2025-12-04 14:02:10', '2025-12-04 14:02:10'),
(218, 'Moji', 'Wisejworawej', '1', 0, 0, '0', '0', '0', 25, 11, '2025-12-04 14:02:10', '2025-12-04 14:02:10'),
(219, 'Orty', 'Mangkornjaochu', '1', 0, 0, '0', '1', '0', 20, 11, '2025-12-04 14:02:10', '2025-12-04 14:02:10'),
(220, 'Poploy', 'Moset', '1', 0, 0, '0', '1', '0', 12, 11, '2025-12-04 14:02:10', '2025-12-04 14:02:10'),
(221, 'Real', 'Hmeee', '1', 0, 0, '0', '0', '0', 14, 11, '2025-12-04 14:02:10', '2025-12-04 14:02:10'),
(222, 'Snim', 'Croft', '1', 0, 0, '0', '0', '0', 4, 11, '2025-12-04 14:02:10', '2025-12-04 14:02:10'),
(223, 'Eikq', 'Sirivaradeechtanakul', '1', 0, 0, '0', '0', '0', 21, 12, '2025-12-04 14:02:10', '2025-12-04 14:02:10'),
(224, 'Moji', 'Wisejworawej', '1', 0, 0, '0', '0', '0', 25, 12, '2025-12-04 14:02:10', '2025-12-04 14:02:10'),
(225, 'Orty', 'Mangkornjaochu', '1', 0, 0, '0', '1', '0', 20, 12, '2025-12-04 14:02:10', '2025-12-04 17:25:57'),
(226, 'Poploy', 'Moset', '1', 0, 0, '0', '1', '0', 12, 12, '2025-12-04 14:02:10', '2025-12-04 17:25:57'),
(227, 'Real', 'Hmeee', '1', 0, 0, '0', '0', '0', 14, 12, '2025-12-04 14:02:10', '2025-12-04 14:02:10'),
(228, 'Snim', 'Croft', '1', 0, 0, '0', '0', '0', 4, 12, '2025-12-04 14:02:10', '2025-12-04 14:02:10'),
(229, 'Beb', 'Raikaat', '2', 0, 0, '0', '1', '0', 13, 11, '2025-12-04 14:03:55', '2025-12-04 14:03:55'),
(230, 'Betty', 'Westwood', '2', 0, 0, '0', '1', '0', 2, 11, '2025-12-04 14:03:55', '2025-12-04 14:03:55'),
(231, 'Coco', 'Voyage', '2', 0, 0, '0', '1', '0', 8, 11, '2025-12-04 14:03:55', '2025-12-04 14:03:55'),
(232, 'Txrbo', 'Raikaat', '2', 0, 0, '0', '1', '0', 17, 11, '2025-12-04 14:03:55', '2025-12-04 14:03:55'),
(233, 'Zenooo', 'Justwannaknow', '2', 0, 0, '0', '1', '0', 23, 11, '2025-12-04 14:03:55', '2025-12-04 14:07:39'),
(234, 'Zheps', 'Baancoke', '2', 0, 0, '0', '1', '0', 3, 11, '2025-12-04 14:03:55', '2025-12-04 14:03:55'),
(235, 'Beb', 'Raikaat', '2', 0, 0, '0', '0', '0', 13, 12, '2025-12-04 14:03:55', '2025-12-04 14:03:55'),
(236, 'Betty', 'Westwood', '2', 0, 0, '0', '1', '0', 2, 12, '2025-12-04 14:03:55', '2025-12-04 17:26:27'),
(237, 'Coco', 'Voyage', '2', 0, 0, '0', '0', '0', 8, 12, '2025-12-04 14:03:55', '2025-12-04 14:03:55'),
(238, 'Txrbo', 'Raikaat', '2', 0, 0, '0', '1', '0', 17, 12, '2025-12-04 14:03:55', '2025-12-04 17:26:27'),
(239, 'Zenooo', 'Justwannaknow', '2', 0, 0, '0', '1', '0', 23, 12, '2025-12-04 14:03:55', '2025-12-04 17:26:27'),
(240, 'Zheps', 'Baancoke', '2', 0, 0, '0', '1', '0', 3, 12, '2025-12-04 14:03:55', '2025-12-04 17:26:27'),
(241, 'Alvin', 'WatDaiTukTua', '3', 0, 0, '0', '0', '0', 6, 11, '2025-12-04 14:05:53', '2025-12-04 14:05:53'),
(242, 'Kraken', 'Aonglong', '3', 0, 0, '0', '1', '0', 28, 11, '2025-12-04 14:05:53', '2025-12-04 14:05:53'),
(243, 'PP', 'Spanser', '3', 0, 0, '0', '0', '0', 26, 11, '2025-12-04 14:05:53', '2025-12-04 14:05:53'),
(244, 'Ro', 'TNP', '3', 0, 0, '0', '1', '0', 7, 11, '2025-12-04 14:05:53', '2025-12-04 14:05:53'),
(245, 'Tum', 'Ggez', '3', 0, 0, '0', '1', '0', 10, 11, '2025-12-04 14:05:53', '2025-12-04 14:05:53'),
(246, 'Verse', 'Certifiedredflag', '3', 0, 0, '0', '0', '0', 30, 11, '2025-12-04 14:05:53', '2025-12-04 14:05:53'),
(247, 'Alvin', 'WatDaiTukTua', '3', 0, 0, '0', '1', '0', 6, 12, '2025-12-04 14:05:53', '2025-12-04 17:26:46'),
(248, 'Kraken', 'Aonglong', '3', 0, 0, '0', '1', '0', 28, 12, '2025-12-04 14:05:53', '2025-12-04 17:26:46'),
(249, 'PP', 'Spanser', '3', 0, 0, '0', '0', '0', 26, 12, '2025-12-04 14:05:53', '2025-12-04 14:05:53'),
(250, 'Ro', 'TNP', '3', 0, 0, '0', '1', '0', 7, 12, '2025-12-04 14:05:53', '2025-12-04 17:26:46'),
(251, 'Tum', 'Ggez', '3', 0, 0, '0', '1', '0', 10, 12, '2025-12-04 14:05:53', '2025-12-04 17:26:46'),
(252, 'Verse', 'Certifiedredflag', '3', 0, 0, '0', '1', '0', 30, 12, '2025-12-04 14:05:53', '2025-12-04 17:26:46'),
(253, 'Apex', 'Asewahemthenwankulwong', '4', 0, 0, '0', '0', '0', 22, 11, '2025-12-04 14:06:11', '2025-12-04 14:06:11'),
(254, 'Childe', 'Atreides', '4', 0, 0, '0', '1', '0', 29, 11, '2025-12-04 14:06:11', '2025-12-04 14:06:11'),
(255, 'Esso', 'Luvter', '4', 0, 0, '0', '1', '0', 1, 11, '2025-12-04 14:06:11', '2025-12-04 14:06:11'),
(256, 'Kiwi', 'Targayen', '4', 0, 0, '0', '1', '0', 9, 11, '2025-12-04 14:06:11', '2025-12-04 14:06:11'),
(257, 'Luna', 'Corleone', '4', 0, 0, '0', '1', '0', 19, 11, '2025-12-04 14:06:11', '2025-12-04 14:06:11'),
(258, 'Muyu', 'Atreides', '4', 0, 0, '0', '1', '0', 27, 11, '2025-12-04 14:06:11', '2025-12-04 14:06:11'),
(259, 'Apex', 'Asewahemthenwankulwong', '4', 0, 0, '0', '0', '0', 22, 12, '2025-12-04 14:06:11', '2025-12-04 14:06:11'),
(260, 'Childe', 'Atreides', '4', 0, 0, '0', '0', '0', 29, 12, '2025-12-04 14:06:11', '2025-12-04 14:06:11'),
(261, 'Esso', 'Luvter', '4', 0, 0, '0', '0', '0', 1, 12, '2025-12-04 14:06:11', '2025-12-04 14:06:11'),
(262, 'Kiwi', 'Targayen', '4', 0, 0, '0', '1', '0', 9, 12, '2025-12-04 14:06:11', '2025-12-04 17:27:03'),
(263, 'Luna', 'Corleone', '4', 0, 0, '0', '1', '0', 19, 12, '2025-12-04 14:06:11', '2025-12-04 17:27:03'),
(264, 'Muyu', 'Atreides', '4', 0, 0, '0', '1', '0', 27, 12, '2025-12-04 14:06:11', '2025-12-04 17:27:03'),
(265, 'Aezen', 'Trillest', '5', 0, 0, '0', '0', '0', 18, 11, '2025-12-04 14:06:59', '2025-12-04 14:06:59'),
(266, 'Jxyson', 'Trillest', '5', 0, 0, '0', '0', '0', 5, 11, '2025-12-04 14:06:59', '2025-12-04 14:06:59'),
(267, 'Mary', 'Jxn', '5', 0, 0, '0', '0', '0', 15, 11, '2025-12-04 14:06:59', '2025-12-04 14:06:59'),
(268, 'Mikey', 'Trillest', '5', 0, 0, '0', '1', '0', 24, 11, '2025-12-04 14:06:59', '2025-12-04 14:06:59'),
(269, 'Time', 'Trillest', '5', 0, 0, '0', '0', '0', 16, 11, '2025-12-04 14:06:59', '2025-12-04 14:06:59'),
(270, 'Yoyo', 'Trillest', '5', 0, 0, '0', '0', '0', 11, 11, '2025-12-04 14:06:59', '2025-12-04 14:06:59'),
(271, 'Aezen', 'Trillest', '5', 0, 0, '0', '0', '0', 18, 12, '2025-12-04 14:06:59', '2025-12-04 14:06:59'),
(272, 'Jxyson', 'Trillest', '5', 0, 0, '0', '1', '0', 5, 12, '2025-12-04 14:06:59', '2025-12-04 17:27:21'),
(273, 'Mary', 'Jxn', '5', 0, 0, '0', '1', '0', 15, 12, '2025-12-04 14:06:59', '2025-12-04 17:27:21'),
(274, 'Mikey', 'Trillest', '5', 0, 0, '0', '0', '0', 24, 12, '2025-12-04 14:06:59', '2025-12-04 14:06:59'),
(275, 'Time', 'Trillest', '5', 0, 0, '0', '0', '0', 16, 12, '2025-12-04 14:06:59', '2025-12-04 14:06:59'),
(276, 'Yoyo', 'Trillest', '5', 0, 0, '0', '0', '0', 11, 12, '2025-12-04 14:06:59', '2025-12-04 14:06:59'),
(277, 'Eikq', 'Sirivaradeechtanakul', '1', 0, 0, '0', '1', '0', 21, 13, '2025-12-05 14:02:04', '2025-12-05 14:02:04'),
(278, 'Moji', 'Wisejworawej', '1', 0, 0, '0', '0', '0', 25, 13, '2025-12-05 14:02:04', '2025-12-05 14:02:04'),
(279, 'Orty', 'Mangkornjaochu', '1', 0, 0, '0', '1', '0', 20, 13, '2025-12-05 14:02:04', '2025-12-05 14:02:04'),
(280, 'Poploy', 'Moset', '1', 0, 0, '0', '1', '0', 12, 13, '2025-12-05 14:02:04', '2025-12-05 14:02:04'),
(281, 'Real', 'Hmeee', '1', 0, 0, '0', '0', '0', 14, 13, '2025-12-05 14:02:04', '2025-12-05 14:02:04'),
(282, 'Snim', 'Croft', '1', 0, 0, '0', '1', '0', 4, 13, '2025-12-05 14:02:04', '2025-12-05 14:02:04'),
(283, 'Eikq', 'Sirivaradeechtanakul', '1', 0, 0, '0', '1', '0', 21, 14, '2025-12-05 14:02:04', '2025-12-05 17:02:19'),
(284, 'Moji', 'Wisejworawej', '1', 0, 0, '0', '1', '0', 25, 14, '2025-12-05 14:02:04', '2025-12-05 17:02:19'),
(285, 'Orty', 'Mangkornjaochu', '1', 0, 0, '0', '1', '0', 20, 14, '2025-12-05 14:02:04', '2025-12-05 17:02:19'),
(286, 'Poploy', 'Moset', '1', 0, 0, '0', '1', '0', 12, 14, '2025-12-05 14:02:04', '2025-12-05 17:02:19'),
(287, 'Real', 'Hmeee', '1', 0, 0, '0', '0', '0', 14, 14, '2025-12-05 14:02:04', '2025-12-05 14:02:04'),
(288, 'Snim', 'Croft', '1', 0, 0, '0', '0', '0', 4, 14, '2025-12-05 14:02:04', '2025-12-05 14:02:04'),
(289, 'Apex', 'Asewahemthenwankulwong', '4', 0, 0, '0', '1', '0', 22, 13, '2025-12-05 17:01:59', '2025-12-05 17:02:26'),
(290, 'Childe', 'Atreides', '4', 0, 0, '0', '0', '0', 29, 13, '2025-12-05 17:01:59', '2025-12-05 17:01:59'),
(291, 'Esso', 'Luvter', '4', 0, 0, '0', '0', '0', 1, 13, '2025-12-05 17:01:59', '2025-12-05 17:01:59'),
(292, 'Kiwi', 'Targayen', '4', 0, 0, '0', '1', '0', 9, 13, '2025-12-05 17:01:59', '2025-12-05 17:01:59'),
(293, 'Luna', 'Corleone', '4', 0, 0, '0', '1', '0', 19, 13, '2025-12-05 17:01:59', '2025-12-05 17:01:59'),
(294, 'Muyu', 'Atreides', '4', 0, 0, '0', '0', '0', 27, 13, '2025-12-05 17:01:59', '2025-12-05 17:01:59'),
(295, 'Apex', 'Asewahemthenwankulwong', '4', 0, 0, '0', '0', '0', 22, 14, '2025-12-05 17:01:59', '2025-12-05 17:01:59'),
(296, 'Childe', 'Atreides', '4', 0, 0, '0', '1', '0', 29, 14, '2025-12-05 17:01:59', '2025-12-05 17:01:59'),
(297, 'Esso', 'Luvter', '4', 0, 0, '0', '0', '0', 1, 14, '2025-12-05 17:01:59', '2025-12-05 17:01:59'),
(298, 'Kiwi', 'Targayen', '4', 0, 0, '0', '1', '0', 9, 14, '2025-12-05 17:01:59', '2025-12-05 17:01:59'),
(299, 'Luna', 'Corleone', '4', 0, 0, '0', '1', '0', 19, 14, '2025-12-05 17:01:59', '2025-12-05 17:01:59'),
(300, 'Muyu', 'Atreides', '4', 0, 0, '0', '1', '0', 27, 14, '2025-12-05 17:01:59', '2025-12-05 17:01:59'),
(301, 'Beb', 'Raikaat', '2', 0, 0, '0', '0', '0', 13, 13, '2025-12-05 17:06:25', '2025-12-05 17:06:25'),
(302, 'Betty', 'Westwood', '2', 0, 0, '0', '1', '0', 2, 13, '2025-12-05 17:06:25', '2025-12-05 17:06:25'),
(303, 'Coco', 'Voyage', '2', 0, 0, '0', '1', '0', 8, 13, '2025-12-05 17:06:25', '2025-12-05 17:06:25'),
(304, 'Txrbo', 'Raikaat', '2', 0, 0, '0', '0', '0', 17, 13, '2025-12-05 17:06:25', '2025-12-05 17:06:25'),
(305, 'Zenooo', 'Justwannaknow', '2', 0, 0, '0', '1', '0', 23, 13, '2025-12-05 17:06:25', '2025-12-05 17:06:25'),
(306, 'Zheps', 'Baancoke', '2', 0, 0, '0', '0', '0', 3, 13, '2025-12-05 17:06:25', '2025-12-05 17:06:25'),
(307, 'Beb', 'Raikaat', '2', 0, 0, '0', '0', '0', 13, 14, '2025-12-05 17:06:25', '2025-12-05 17:06:25'),
(308, 'Betty', 'Westwood', '2', 0, 0, '0', '1', '0', 2, 14, '2025-12-05 17:06:25', '2025-12-05 17:08:04'),
(309, 'Coco', 'Voyage', '2', 0, 0, '0', '1', '0', 8, 14, '2025-12-05 17:06:25', '2025-12-05 17:08:04'),
(310, 'Txrbo', 'Raikaat', '2', 0, 0, '0', '0', '0', 17, 14, '2025-12-05 17:06:25', '2025-12-05 17:06:25'),
(311, 'Zenooo', 'Justwannaknow', '2', 0, 0, '0', '1', '0', 23, 14, '2025-12-05 17:06:25', '2025-12-05 17:08:04'),
(312, 'Zheps', 'Baancoke', '2', 0, 0, '0', '1', '0', 3, 14, '2025-12-05 17:06:25', '2025-12-05 17:08:04'),
(313, 'Alvin', 'WatDaiTukTua', '3', 0, 0, '0', '0', '0', 6, 13, '2025-12-05 17:06:39', '2025-12-05 17:06:39'),
(314, 'Kraken', 'Aonglong', '3', 0, 0, '0', '0', '0', 28, 13, '2025-12-05 17:06:39', '2025-12-05 17:06:39'),
(315, 'PP', 'Spanser', '3', 0, 0, '0', '0', '0', 26, 13, '2025-12-05 17:06:39', '2025-12-05 17:06:39'),
(316, 'Ro', 'TNP', '3', 0, 0, '0', '1', '0', 7, 13, '2025-12-05 17:06:39', '2025-12-05 17:06:39'),
(317, 'Tum', 'Ggez', '3', 0, 0, '0', '0', '0', 10, 13, '2025-12-05 17:06:39', '2025-12-05 17:06:39'),
(318, 'Verse', 'Certifiedredflag', '3', 0, 0, '0', '0', '0', 30, 13, '2025-12-05 17:06:39', '2025-12-05 17:06:39'),
(319, 'Alvin', 'WatDaiTukTua', '3', 0, 0, '0', '0', '0', 6, 14, '2025-12-05 17:06:39', '2025-12-05 17:06:39'),
(320, 'Kraken', 'Aonglong', '3', 0, 0, '0', '0', '0', 28, 14, '2025-12-05 17:06:39', '2025-12-05 17:06:39'),
(321, 'PP', 'Spanser', '3', 0, 0, '0', '0', '0', 26, 14, '2025-12-05 17:06:39', '2025-12-05 17:06:39'),
(322, 'Ro', 'TNP', '3', 0, 0, '0', '1', '0', 7, 14, '2025-12-05 17:06:39', '2025-12-05 17:08:29'),
(323, 'Tum', 'Ggez', '3', 0, 0, '0', '1', '0', 10, 14, '2025-12-05 17:06:39', '2025-12-05 17:08:29'),
(324, 'Verse', 'Certifiedredflag', '3', 0, 0, '0', '0', '0', 30, 14, '2025-12-05 17:06:39', '2025-12-05 17:06:39'),
(325, 'Aezen', 'Trillest', '5', 0, 0, '0', '0', '0', 18, 13, '2025-12-05 17:09:32', '2025-12-05 17:09:32'),
(326, 'Jxyson', 'Trillest', '5', 0, 0, '0', '0', '0', 5, 13, '2025-12-05 17:09:32', '2025-12-05 17:09:32'),
(327, 'Mary', 'Jxn', '5', 0, 0, '0', '0', '0', 15, 13, '2025-12-05 17:09:32', '2025-12-05 17:09:32'),
(328, 'Mikey', 'Trillest', '5', 0, 0, '0', '0', '0', 24, 13, '2025-12-05 17:09:32', '2025-12-05 17:09:32'),
(329, 'Time', 'Trillest', '5', 0, 0, '0', '0', '0', 16, 13, '2025-12-05 17:09:32', '2025-12-05 17:09:32'),
(330, 'Yoyo', 'Trillest', '5', 0, 0, '0', '0', '0', 11, 13, '2025-12-05 17:09:32', '2025-12-05 17:09:32'),
(331, 'Aezen', 'Trillest', '5', 0, 0, '0', '1', '0', 18, 14, '2025-12-05 17:09:32', '2025-12-05 17:09:32'),
(332, 'Jxyson', 'Trillest', '5', 0, 0, '0', '1', '0', 5, 14, '2025-12-05 17:09:32', '2025-12-05 17:09:32'),
(333, 'Mary', 'Jxn', '5', 0, 0, '0', '1', '0', 15, 14, '2025-12-05 17:09:32', '2025-12-05 17:09:32'),
(334, 'Mikey', 'Trillest', '5', 0, 0, '0', '0', '0', 24, 14, '2025-12-05 17:09:32', '2025-12-05 17:09:32'),
(335, 'Time', 'Trillest', '5', 0, 0, '0', '0', '0', 16, 14, '2025-12-05 17:09:32', '2025-12-05 17:09:32'),
(336, 'Yoyo', 'Trillest', '5', 0, 0, '0', '1', '0', 11, 14, '2025-12-05 17:09:32', '2025-12-05 17:09:32'),
(337, 'Apex', 'Asewahemthenwankulwong', '4', 0, 0, '0', '1', '0', 22, 15, '2025-12-06 14:03:04', '2025-12-06 14:03:04'),
(338, 'Childe', 'Atreides', '4', 0, 0, '0', '1', '0', 29, 15, '2025-12-06 14:03:04', '2025-12-06 14:03:04'),
(339, 'Esso', 'Luvter', '4', 0, 0, '0', '1', '0', 1, 15, '2025-12-06 14:03:04', '2025-12-06 14:03:04'),
(340, 'Kiwi', 'Targayen', '4', 0, 0, '0', '1', '0', 9, 15, '2025-12-06 14:03:04', '2025-12-06 14:03:04'),
(341, 'Luna', 'Corleone', '4', 0, 0, '0', '1', '0', 19, 15, '2025-12-06 14:03:04', '2025-12-06 14:03:04'),
(342, 'Muyu', 'Atreides', '4', 0, 0, '0', '1', '0', 27, 15, '2025-12-06 14:03:04', '2025-12-06 14:03:04'),
(343, 'Apex', 'Asewahemthenwankulwong', '4', 0, 0, '0', '0', '0', 22, 16, '2025-12-06 14:03:04', '2025-12-06 14:03:04'),
(344, 'Childe', 'Atreides', '4', 0, 0, '0', '0', '0', 29, 16, '2025-12-06 14:03:04', '2025-12-06 14:03:04'),
(345, 'Esso', 'Luvter', '4', 0, 0, '0', '1', '0', 1, 16, '2025-12-06 14:03:04', '2025-12-06 17:02:03'),
(346, 'Kiwi', 'Targayen', '4', 0, 0, '0', '1', '0', 9, 16, '2025-12-06 14:03:04', '2025-12-06 17:02:03'),
(347, 'Luna', 'Corleone', '4', 0, 0, '0', '1', '0', 19, 16, '2025-12-06 14:03:04', '2025-12-06 17:02:03'),
(348, 'Muyu', 'Atreides', '4', 0, 0, '0', '1', '0', 27, 16, '2025-12-06 14:03:04', '2025-12-06 17:02:03'),
(349, 'Eikq', 'Sirivaradeechtanakul', '1', 0, 0, '0', '1', '0', 21, 15, '2025-12-06 14:04:01', '2025-12-06 14:04:01'),
(350, 'Moji', 'Wisejworawej', '1', 0, 0, '0', '0', '0', 25, 15, '2025-12-06 14:04:01', '2025-12-06 14:04:01'),
(351, 'Orty', 'Mangkornjaochu', '1', 0, 0, '0', '1', '0', 20, 15, '2025-12-06 14:04:01', '2025-12-06 14:04:01'),
(352, 'Poploy', 'Moset', '1', 0, 0, '0', '1', '0', 12, 15, '2025-12-06 14:04:01', '2025-12-06 14:04:01'),
(353, 'Real', 'Hmeee', '1', 0, 0, '0', '0', '0', 14, 15, '2025-12-06 14:04:01', '2025-12-06 14:04:01'),
(354, 'Snim', 'Croft', '1', 0, 0, '0', '0', '0', 4, 15, '2025-12-06 14:04:01', '2025-12-06 14:04:01'),
(355, 'Eikq', 'Sirivaradeechtanakul', '1', 0, 0, '0', '1', '0', 21, 16, '2025-12-06 14:04:01', '2025-12-06 17:02:15'),
(356, 'Moji', 'Wisejworawej', '1', 0, 0, '0', '0', '0', 25, 16, '2025-12-06 14:04:01', '2025-12-06 14:04:01'),
(357, 'Orty', 'Mangkornjaochu', '1', 0, 0, '0', '1', '0', 20, 16, '2025-12-06 14:04:01', '2025-12-06 17:02:15'),
(358, 'Poploy', 'Moset', '1', 0, 0, '0', '1', '0', 12, 16, '2025-12-06 14:04:01', '2025-12-06 17:02:15'),
(359, 'Real', 'Hmeee', '1', 0, 0, '0', '0', '0', 14, 16, '2025-12-06 14:04:01', '2025-12-06 14:04:01'),
(360, 'Snim', 'Croft', '1', 0, 0, '0', '0', '0', 4, 16, '2025-12-06 14:04:01', '2025-12-06 14:04:01'),
(361, 'Beb', 'Raikaat', '2', 0, 0, '0', '0', '0', 13, 15, '2025-12-06 17:10:22', '2025-12-06 17:10:22'),
(362, 'Betty', 'Westwood', '2', 0, 0, '0', '1', '0', 2, 15, '2025-12-06 17:10:22', '2025-12-06 17:10:22'),
(363, 'Coco', 'Voyage', '2', 0, 0, '0', '1', '0', 8, 15, '2025-12-06 17:10:22', '2025-12-06 17:10:22'),
(364, 'Txrbo', 'Raikaat', '2', 0, 0, '0', '0', '0', 17, 15, '2025-12-06 17:10:22', '2025-12-06 17:10:22'),
(365, 'Zenooo', 'Justwannaknow', '2', 0, 0, '0', '1', '0', 23, 15, '2025-12-06 17:10:22', '2025-12-06 17:10:22'),
(366, 'Zheps', 'Baancoke', '2', 0, 0, '0', '0', '0', 3, 15, '2025-12-06 17:10:22', '2025-12-06 17:10:22'),
(367, 'Beb', 'Raikaat', '2', 0, 0, '0', '0', '0', 13, 16, '2025-12-06 17:10:22', '2025-12-06 17:10:22'),
(368, 'Betty', 'Westwood', '2', 0, 0, '0', '1', '0', 2, 16, '2025-12-06 17:10:22', '2025-12-06 17:10:22'),
(369, 'Coco', 'Voyage', '2', 0, 0, '0', '1', '0', 8, 16, '2025-12-06 17:10:22', '2025-12-06 17:10:22'),
(370, 'Txrbo', 'Raikaat', '2', 0, 0, '0', '1', '0', 17, 16, '2025-12-06 17:10:22', '2025-12-06 17:10:22'),
(371, 'Zenooo', 'Justwannaknow', '2', 0, 0, '0', '1', '0', 23, 16, '2025-12-06 17:10:22', '2025-12-06 17:10:22'),
(372, 'Zheps', 'Baancoke', '2', 0, 0, '0', '1', '0', 3, 16, '2025-12-06 17:10:22', '2025-12-06 17:10:22'),
(373, 'Alvin', 'WatDaiTukTua', '3', 0, 0, '0', '0', '0', 6, 15, '2025-12-06 17:10:50', '2025-12-06 17:10:50'),
(374, 'Kraken', 'Aonglong', '3', 0, 0, '0', '1', '0', 28, 15, '2025-12-06 17:10:50', '2025-12-06 17:10:50'),
(375, 'PP', 'Spanser', '3', 0, 0, '0', '0', '0', 26, 15, '2025-12-06 17:10:50', '2025-12-06 17:10:50'),
(376, 'Ro', 'TNP', '3', 0, 0, '0', '1', '0', 7, 15, '2025-12-06 17:10:50', '2025-12-06 17:10:50'),
(377, 'Tum', 'Ggez', '3', 0, 0, '0', '1', '0', 10, 15, '2025-12-06 17:10:50', '2025-12-06 17:10:50'),
(378, 'Verse', 'Certifiedredflag', '3', 0, 0, '0', '1', '0', 30, 15, '2025-12-06 17:10:50', '2025-12-06 17:10:50'),
(379, 'Alvin', 'WatDaiTukTua', '3', 0, 0, '0', '0', '0', 6, 16, '2025-12-06 17:10:50', '2025-12-06 17:10:50'),
(380, 'Kraken', 'Aonglong', '3', 0, 0, '0', '1', '0', 28, 16, '2025-12-06 17:10:50', '2025-12-06 17:10:50'),
(381, 'PP', 'Spanser', '3', 0, 0, '0', '0', '0', 26, 16, '2025-12-06 17:10:50', '2025-12-06 17:10:50'),
(382, 'Ro', 'TNP', '3', 0, 0, '0', '1', '0', 7, 16, '2025-12-06 17:10:50', '2025-12-06 17:10:50'),
(383, 'Tum', 'Ggez', '3', 0, 0, '0', '1', '0', 10, 16, '2025-12-06 17:10:50', '2025-12-06 17:10:50'),
(384, 'Verse', 'Certifiedredflag', '3', 0, 0, '0', '1', '0', 30, 16, '2025-12-06 17:10:50', '2025-12-06 17:10:50'),
(385, 'Aezen', 'Trillest', '5', 0, 0, '0', '0', '0', 18, 15, '2025-12-06 17:11:09', '2025-12-06 17:11:09'),
(386, 'Jxyson', 'Trillest', '5', 0, 0, '0', '0', '0', 5, 15, '2025-12-06 17:11:09', '2025-12-06 17:11:09'),
(387, 'Mary', 'Jxn', '5', 0, 0, '0', '0', '0', 15, 15, '2025-12-06 17:11:09', '2025-12-06 17:11:09'),
(388, 'Mikey', 'Trillest', '5', 0, 0, '0', '0', '0', 24, 15, '2025-12-06 17:11:09', '2025-12-06 17:11:09'),
(389, 'Time', 'Trillest', '5', 0, 0, '0', '0', '0', 16, 15, '2025-12-06 17:11:09', '2025-12-06 17:11:09'),
(390, 'Yoyo', 'Trillest', '5', 0, 0, '0', '0', '0', 11, 15, '2025-12-06 17:11:09', '2025-12-06 17:11:09'),
(391, 'Aezen', 'Trillest', '5', 0, 0, '0', '1', '0', 18, 16, '2025-12-06 17:11:09', '2025-12-06 17:11:09'),
(392, 'Jxyson', 'Trillest', '5', 0, 0, '0', '1', '0', 5, 16, '2025-12-06 17:11:09', '2025-12-06 17:11:09'),
(393, 'Mary', 'Jxn', '5', 0, 0, '0', '1', '0', 15, 16, '2025-12-06 17:11:09', '2025-12-06 17:11:09'),
(394, 'Mikey', 'Trillest', '5', 0, 0, '0', '1', '0', 24, 16, '2025-12-06 17:11:09', '2025-12-06 17:11:09'),
(395, 'Time', 'Trillest', '5', 0, 0, '0', '0', '0', 16, 16, '2025-12-06 17:11:09', '2025-12-06 17:11:09'),
(396, 'Yoyo', 'Trillest', '5', 0, 0, '0', '0', '0', 11, 16, '2025-12-06 17:11:09', '2025-12-06 17:11:09'),
(397, 'Eikq', 'Sirivaradeechtanakul', '1', 0, 0, '0', '0', '0', 21, 17, '2025-12-07 17:02:05', '2025-12-07 17:02:05'),
(398, 'Moji', 'Wisejworawej', '1', 0, 0, '0', '0', '0', 25, 17, '2025-12-07 17:02:05', '2025-12-07 17:02:05'),
(399, 'Orty', 'Mangkornjaochu', '1', 0, 0, '0', '0', '0', 20, 17, '2025-12-07 17:02:05', '2025-12-07 17:02:05'),
(400, 'Poploy', 'Moset', '1', 0, 0, '0', '0', '0', 12, 17, '2025-12-07 17:02:05', '2025-12-07 17:02:05'),
(401, 'Real', 'Hmeee', '1', 0, 0, '0', '0', '0', 14, 17, '2025-12-07 17:02:05', '2025-12-07 17:02:05'),
(402, 'Snim', 'Croft', '1', 0, 0, '0', '0', '0', 4, 17, '2025-12-07 17:02:05', '2025-12-07 17:02:05'),
(403, 'Eikq', 'Sirivaradeechtanakul', '1', 0, 0, '0', '1', '0', 21, 18, '2025-12-07 17:02:05', '2025-12-07 17:02:05'),
(404, 'Moji', 'Wisejworawej', '1', 0, 0, '0', '1', '0', 25, 18, '2025-12-07 17:02:05', '2025-12-07 17:02:05'),
(405, 'Orty', 'Mangkornjaochu', '1', 0, 0, '0', '1', '0', 20, 18, '2025-12-07 17:02:05', '2025-12-07 17:02:05'),
(406, 'Poploy', 'Moset', '1', 0, 0, '0', '1', '0', 12, 18, '2025-12-07 17:02:05', '2025-12-07 17:02:05'),
(407, 'Real', 'Hmeee', '1', 0, 0, '0', '0', '0', 14, 18, '2025-12-07 17:02:05', '2025-12-07 17:02:05'),
(408, 'Snim', 'Croft', '1', 0, 0, '0', '0', '0', 4, 18, '2025-12-07 17:02:05', '2025-12-07 17:02:05'),
(409, 'Apex', 'Asewahemthenwankulwong', '4', 0, 0, '0', '0', '0', 22, 17, '2025-12-07 17:02:11', '2025-12-07 17:02:11'),
(410, 'Childe', 'Atreides', '4', 0, 0, '0', '0', '0', 29, 17, '2025-12-07 17:02:11', '2025-12-07 17:02:11'),
(411, 'Esso', 'Luvter', '4', 0, 0, '0', '0', '0', 1, 17, '2025-12-07 17:02:11', '2025-12-07 17:02:11'),
(412, 'Kiwi', 'Targayen', '4', 0, 0, '0', '0', '0', 9, 17, '2025-12-07 17:02:11', '2025-12-07 17:02:11'),
(413, 'Luna', 'Corleone', '4', 0, 0, '0', '0', '0', 19, 17, '2025-12-07 17:02:11', '2025-12-07 17:02:11'),
(414, 'Muyu', 'Atreides', '4', 0, 0, '0', '0', '0', 27, 17, '2025-12-07 17:02:11', '2025-12-07 17:02:11'),
(415, 'Apex', 'Asewahemthenwankulwong', '4', 0, 0, '0', '1', '0', 22, 18, '2025-12-07 17:02:11', '2025-12-07 17:02:11'),
(416, 'Childe', 'Atreides', '4', 0, 0, '0', '1', '0', 29, 18, '2025-12-07 17:02:11', '2025-12-07 17:02:11'),
(417, 'Esso', 'Luvter', '4', 0, 0, '0', '0', '0', 1, 18, '2025-12-07 17:02:11', '2025-12-07 17:02:11'),
(418, 'Kiwi', 'Targayen', '4', 0, 0, '0', '1', '0', 9, 18, '2025-12-07 17:02:11', '2025-12-07 17:02:11'),
(419, 'Luna', 'Corleone', '4', 0, 0, '0', '1', '0', 19, 18, '2025-12-07 17:02:11', '2025-12-07 17:02:11'),
(420, 'Muyu', 'Atreides', '4', 0, 0, '0', '1', '0', 27, 18, '2025-12-07 17:02:11', '2025-12-07 17:02:11'),
(421, 'Apex', 'Asewahemthenwankulwong', '4', 0, 0, '0', '1', '0', 22, 19, '2025-12-08 13:58:01', '2025-12-08 13:58:01'),
(422, 'Childe', 'Atreides', '4', 0, 0, '0', '1', '0', 29, 19, '2025-12-08 13:58:01', '2025-12-08 13:58:01'),
(423, 'Esso', 'Luvter', '4', 0, 0, '0', '0', '0', 1, 19, '2025-12-08 13:58:01', '2025-12-08 13:58:01'),
(424, 'Kiwi', 'Targayen', '4', 0, 0, '0', '1', '0', 9, 19, '2025-12-08 13:58:01', '2025-12-08 13:58:01'),
(425, 'Luna', 'Corleone', '4', 0, 0, '0', '1', '0', 19, 19, '2025-12-08 13:58:01', '2025-12-08 13:58:01'),
(426, 'Muyu', 'Atreides', '4', 0, 0, '0', '1', '0', 27, 19, '2025-12-08 13:58:01', '2025-12-08 13:58:01'),
(427, 'Apex', 'Asewahemthenwankulwong', '4', 182000, 182000, '1', '1', '0', 22, 20, '2025-12-08 13:58:01', '2025-12-09 16:33:40'),
(428, 'Childe', 'Atreides', '4', 182000, 0, '0', '1', '0', 29, 20, '2025-12-08 13:58:01', '2025-12-08 17:14:28'),
(429, 'Esso', 'Luvter', '4', 0, 0, '0', '0', '0', 1, 20, '2025-12-08 13:58:01', '2025-12-08 13:58:01'),
(430, 'Kiwi', 'Targayen', '4', 182000, 182000, '1', '1', '0', 9, 20, '2025-12-08 13:58:01', '2025-12-08 17:18:18'),
(431, 'Luna', 'Corleone', '4', 182000, 182000, '1', '1', '0', 19, 20, '2025-12-08 13:58:01', '2025-12-08 17:18:33'),
(432, 'Muyu', 'Atreides', '4', 182000, 0, '0', '1', '0', 27, 20, '2025-12-08 13:58:01', '2025-12-08 17:14:28'),
(433, 'AKA', 'Tuhao', '1', 0, 0, '0', '1', '0', 31, 19, '2025-12-08 14:02:10', '2025-12-08 14:02:10'),
(434, 'Eikq', 'Sirivaradeechtanakul', '1', 0, 0, '0', '1', '0', 21, 19, '2025-12-08 14:02:10', '2025-12-08 14:02:10'),
(435, 'Moji', 'Wisejworawej', '1', 0, 0, '0', '0', '0', 25, 19, '2025-12-08 14:02:10', '2025-12-08 14:02:10'),
(436, 'Orty', 'Mangkornjaochu', '1', 0, 0, '0', '1', '0', 20, 19, '2025-12-08 14:02:10', '2025-12-08 14:02:10'),
(437, 'Poploy', 'Moset', '1', 0, 0, '0', '1', '0', 12, 19, '2025-12-08 14:02:10', '2025-12-08 14:02:10'),
(438, 'Real', 'Hmeee', '1', 0, 0, '0', '1', '0', 14, 19, '2025-12-08 14:02:10', '2025-12-08 14:02:10'),
(439, 'AKA', 'Tuhao', '1', 0, 0, '0', '0', '0', 31, 20, '2025-12-08 14:02:10', '2025-12-08 14:02:10'),
(440, 'Eikq', 'Sirivaradeechtanakul', '1', 182000, 182000, '1', '1', '0', 21, 20, '2025-12-08 14:02:10', '2025-12-08 17:17:42'),
(441, 'Moji', 'Wisejworawej', '1', 0, 0, '0', '0', '0', 25, 20, '2025-12-08 14:02:10', '2025-12-08 14:02:10'),
(442, 'Orty', 'Mangkornjaochu', '1', 182000, 182000, '1', '1', '0', 20, 20, '2025-12-08 14:02:10', '2025-12-09 16:39:08'),
(443, 'Poploy', 'Moset', '1', 0, 0, '0', '0', '0', 12, 20, '2025-12-08 14:02:10', '2025-12-08 14:02:10'),
(444, 'Real', 'Hmeee', '1', 0, 0, '0', '0', '0', 14, 20, '2025-12-08 14:02:10', '2025-12-08 14:02:10'),
(445, 'Alvin', 'WatDaiTukTua', '3', 0, 0, '0', '0', '0', 6, 19, '2025-12-08 14:02:34', '2025-12-08 14:02:34'),
(446, 'Kraken', 'Aonglong', '3', 0, 0, '0', '1', '0', 28, 19, '2025-12-08 14:02:34', '2025-12-08 14:02:34'),
(447, 'PP', 'Spanser', '3', 0, 0, '0', '0', '0', 26, 19, '2025-12-08 14:02:34', '2025-12-08 14:02:34'),
(448, 'Ro', 'TNP', '3', 0, 0, '0', '1', '0', 7, 19, '2025-12-08 14:02:34', '2025-12-08 14:02:34'),
(449, 'Tum', 'Ggez', '3', 0, 0, '0', '0', '0', 10, 19, '2025-12-08 14:02:34', '2025-12-08 14:02:34'),
(450, 'Verse', 'Certifiedredflag', '3', 0, 0, '0', '1', '0', 30, 19, '2025-12-08 14:02:34', '2025-12-08 14:05:18'),
(451, 'Alvin', 'WatDaiTukTua', '3', 0, 0, '0', '0', '0', 6, 20, '2025-12-08 14:02:34', '2025-12-08 14:02:34'),
(452, 'Kraken', 'Aonglong', '3', 182000, 0, '0', '1', '0', 28, 20, '2025-12-08 14:02:34', '2025-12-08 17:14:28'),
(453, 'PP', 'Spanser', '3', 0, 0, '0', '0', '0', 26, 20, '2025-12-08 14:02:34', '2025-12-08 14:02:34'),
(454, 'Ro', 'TNP', '3', 0, 0, '0', '0', '0', 7, 20, '2025-12-08 14:02:34', '2025-12-08 14:02:34'),
(455, 'Tum', 'Ggez', '3', 182000, 182000, '1', '1', '0', 10, 20, '2025-12-08 14:02:34', '2025-12-08 17:17:52'),
(456, 'Verse', 'Certifiedredflag', '3', 0, 0, '0', '0', '0', 30, 20, '2025-12-08 14:02:34', '2025-12-08 14:02:34'),
(457, 'Beb', 'Raikaat', '2', 0, 0, '0', '0', '0', 13, 19, '2025-12-08 14:04:49', '2025-12-08 14:04:49'),
(458, 'Betty', 'Westwood', '2', 0, 0, '0', '1', '0', 2, 19, '2025-12-08 14:04:49', '2025-12-08 14:04:49'),
(459, 'Coco', 'Voyage', '2', 0, 0, '0', '1', '0', 8, 19, '2025-12-08 14:04:49', '2025-12-08 14:04:49'),
(460, 'Txrbo', 'Raikaat', '2', 0, 0, '0', '1', '0', 17, 19, '2025-12-08 14:04:49', '2025-12-08 14:05:55'),
(461, 'Zenooo', 'Justwannaknow', '2', 0, 0, '0', '1', '0', 23, 19, '2025-12-08 14:04:49', '2025-12-08 14:04:49'),
(462, 'Zheps', 'Baancoke', '2', 0, 0, '0', '1', '0', 3, 19, '2025-12-08 14:04:49', '2025-12-08 14:05:06'),
(463, 'Beb', 'Raikaat', '2', 182000, 182000, '1', '1', '0', 13, 20, '2025-12-08 14:04:49', '2025-12-09 16:34:33'),
(464, 'Betty', 'Westwood', '2', 182000, 182000, '1', '1', '0', 2, 20, '2025-12-08 14:04:49', '2025-12-09 16:36:04'),
(465, 'Coco', 'Voyage', '2', 182000, 182000, '1', '1', '0', 8, 20, '2025-12-08 14:04:49', '2025-12-09 16:35:58'),
(466, 'Txrbo', 'Raikaat', '2', 182000, 182000, '1', '1', '0', 17, 20, '2025-12-08 14:04:49', '2025-12-14 14:20:18'),
(467, 'Zenooo', 'Justwannaknow', '2', 182000, 182000, '1', '1', '0', 23, 20, '2025-12-08 14:04:49', '2025-12-11 18:31:34'),
(468, 'Zheps', 'Baancoke', '2', 182000, 182000, '1', '1', '0', 3, 20, '2025-12-08 14:04:49', '2025-12-09 17:26:25'),
(469, 'Aezen', 'Trillest', '5', 0, 0, '0', '0', '0', 18, 19, '2025-12-08 17:06:51', '2025-12-08 17:06:51'),
(470, 'Jxyson', 'Trillest', '5', 0, 0, '0', '0', '0', 5, 19, '2025-12-08 17:06:51', '2025-12-08 17:06:51'),
(471, 'Mary', 'Jxn', '5', 0, 0, '0', '0', '0', 15, 19, '2025-12-08 17:06:51', '2025-12-08 17:06:51'),
(472, 'Mikey', 'Trillest', '5', 0, 0, '0', '0', '0', 24, 19, '2025-12-08 17:06:51', '2025-12-08 17:06:51'),
(473, 'Time', 'Trillest', '5', 0, 0, '0', '0', '0', 16, 19, '2025-12-08 17:06:51', '2025-12-08 17:06:51'),
(474, 'Yoyo', 'Trillest', '5', 0, 0, '0', '0', '0', 11, 19, '2025-12-08 17:06:51', '2025-12-08 17:06:51'),
(475, 'Aezen', 'Trillest', '5', 182000, 182000, '1', '1', '0', 18, 20, '2025-12-08 17:06:51', '2025-12-12 13:01:17'),
(476, 'Jxyson', 'Trillest', '5', 182000, 182000, '1', '1', '0', 5, 20, '2025-12-08 17:06:51', '2025-12-12 11:59:10'),
(477, 'Mary', 'Jxn', '5', 182000, 182000, '1', '1', '0', 15, 20, '2025-12-08 17:06:51', '2025-12-12 11:59:06'),
(478, 'Mikey', 'Trillest', '5', 182000, 0, '0', '1', '0', 24, 20, '2025-12-08 17:06:51', '2025-12-08 17:14:28'),
(479, 'Time', 'Trillest', '5', 182000, 182000, '1', '1', '0', 16, 20, '2025-12-08 17:06:51', '2025-12-12 13:01:23'),
(480, 'Yoyo', 'Trillest', '5', 0, 0, '0', '0', '0', 11, 20, '2025-12-08 17:06:51', '2025-12-08 17:06:51'),
(481, 'Apex', 'Asewahemthenwankulwong', '4', 0, 0, '0', '1', '0', 22, 21, '2025-12-09 14:02:50', '2025-12-09 14:03:04'),
(482, 'Childe', 'Atreides', '4', 0, 0, '0', '1', '0', 29, 21, '2025-12-09 14:02:50', '2025-12-09 14:03:04'),
(483, 'Esso', 'Luvter', '4', 0, 0, '0', '0', '0', 1, 21, '2025-12-09 14:02:50', '2025-12-09 14:02:50'),
(484, 'Kiwi', 'Targayen', '4', 0, 0, '0', '1', '0', 9, 21, '2025-12-09 14:02:50', '2025-12-09 14:03:04'),
(485, 'Luna', 'Corleone', '4', 0, 0, '0', '1', '0', 19, 21, '2025-12-09 14:02:50', '2025-12-09 14:03:04'),
(486, 'Muyu', 'Atreides', '4', 0, 0, '0', '0', '0', 27, 21, '2025-12-09 14:02:50', '2025-12-09 14:02:50'),
(487, 'Apex', 'Asewahemthenwankulwong', '4', 0, 0, '0', '1', '0', 22, 22, '2025-12-09 14:02:50', '2025-12-09 16:43:01'),
(488, 'Childe', 'Atreides', '4', 0, 0, '0', '1', '0', 29, 22, '2025-12-09 14:02:50', '2025-12-09 17:06:09'),
(489, 'Esso', 'Luvter', '4', 0, 0, '0', '0', '0', 1, 22, '2025-12-09 14:02:50', '2025-12-09 14:02:50'),
(490, 'Kiwi', 'Targayen', '4', 0, 0, '0', '1', '0', 9, 22, '2025-12-09 14:02:50', '2025-12-09 16:43:01'),
(491, 'Luna', 'Corleone', '4', 0, 0, '0', '1', '0', 19, 22, '2025-12-09 14:02:50', '2025-12-09 16:43:01'),
(492, 'Muyu', 'Atreides', '4', 0, 0, '0', '0', '0', 27, 22, '2025-12-09 14:02:50', '2025-12-09 14:02:50'),
(493, 'AKA', 'Tuhao', '1', 0, 0, '0', '1', '0', 31, 21, '2025-12-09 14:03:20', '2025-12-09 14:03:20'),
(494, 'Eikq', 'Sirivaradeechtanakul', '1', 0, 0, '0', '1', '0', 21, 21, '2025-12-09 14:03:20', '2025-12-09 14:03:20'),
(495, 'Moji', 'Wisejworawej', '1', 0, 0, '0', '0', '0', 25, 21, '2025-12-09 14:03:20', '2025-12-09 14:03:20'),
(496, 'Orty', 'Mangkornjaochu', '1', 0, 0, '0', '1', '0', 20, 21, '2025-12-09 14:03:20', '2025-12-09 14:03:20'),
(497, 'Poploy', 'Moset', '1', 0, 0, '0', '0', '0', 12, 21, '2025-12-09 14:03:20', '2025-12-09 14:03:20'),
(498, 'Real', 'Hmeee', '1', 0, 0, '0', '1', '0', 14, 21, '2025-12-09 14:03:20', '2025-12-09 14:03:20'),
(499, 'AKA', 'Tuhao', '1', 0, 0, '0', '1', '0', 31, 22, '2025-12-09 14:03:20', '2025-12-09 17:02:16'),
(500, 'Eikq', 'Sirivaradeechtanakul', '1', 0, 0, '0', '1', '0', 21, 22, '2025-12-09 14:03:20', '2025-12-09 17:02:16'),
(501, 'Moji', 'Wisejworawej', '1', 0, 0, '0', '0', '0', 25, 22, '2025-12-09 14:03:20', '2025-12-09 14:03:20'),
(502, 'Orty', 'Mangkornjaochu', '1', 0, 0, '0', '1', '0', 20, 22, '2025-12-09 14:03:20', '2025-12-09 17:02:16'),
(503, 'Poploy', 'Moset', '1', 0, 0, '0', '0', '0', 12, 22, '2025-12-09 14:03:20', '2025-12-09 14:03:20'),
(504, 'Real', 'Hmeee', '1', 0, 0, '0', '0', '0', 14, 22, '2025-12-09 14:03:20', '2025-12-09 14:03:20'),
(505, 'Beb', 'Raikaat', '2', 0, 0, '0', '1', '0', 13, 21, '2025-12-09 17:16:17', '2025-12-09 17:16:17'),
(506, 'Betty', 'Westwood', '2', 0, 0, '0', '1', '0', 2, 21, '2025-12-09 17:16:17', '2025-12-09 17:16:17'),
(507, 'Coco', 'Voyage', '2', 0, 0, '0', '1', '0', 8, 21, '2025-12-09 17:16:17', '2025-12-09 17:16:17'),
(508, 'Txrbo', 'Raikaat', '2', 0, 0, '0', '1', '0', 17, 21, '2025-12-09 17:16:17', '2025-12-09 17:16:17'),
(509, 'Zenooo', 'Justwannaknow', '2', 0, 0, '0', '1', '0', 23, 21, '2025-12-09 17:16:17', '2025-12-09 17:16:17');
INSERT INTO `checkindescs` (`id`, `fname`, `lname`, `homenumber`, `amount`, `paid`, `paidstat`, `check`, `updatecode`, `user_id`, `checkin_id`, `created_at`, `updated_at`) VALUES
(510, 'Zheps', 'Baancoke', '2', 0, 0, '0', '1', '0', 3, 21, '2025-12-09 17:16:17', '2025-12-09 17:16:17'),
(511, 'Beb', 'Raikaat', '2', 0, 0, '0', '1', '0', 13, 22, '2025-12-09 17:16:17', '2025-12-09 17:16:17'),
(512, 'Betty', 'Westwood', '2', 0, 0, '0', '1', '0', 2, 22, '2025-12-09 17:16:17', '2025-12-09 17:16:17'),
(513, 'Coco', 'Voyage', '2', 0, 0, '0', '1', '0', 8, 22, '2025-12-09 17:16:17', '2025-12-09 17:16:17'),
(514, 'Txrbo', 'Raikaat', '2', 0, 0, '0', '1', '0', 17, 22, '2025-12-09 17:16:17', '2025-12-09 17:16:17'),
(515, 'Zenooo', 'Justwannaknow', '2', 0, 0, '0', '1', '0', 23, 22, '2025-12-09 17:16:17', '2025-12-09 17:16:17'),
(516, 'Zheps', 'Baancoke', '2', 0, 0, '0', '1', '0', 3, 22, '2025-12-09 17:16:17', '2025-12-09 17:16:17'),
(517, 'Alvin', 'WatDaiTukTua', '3', 0, 0, '0', '0', '0', 6, 21, '2025-12-09 17:16:32', '2025-12-09 17:16:32'),
(518, 'Kraken', 'Aonglong', '3', 0, 0, '0', '0', '0', 28, 21, '2025-12-09 17:16:32', '2025-12-09 17:16:32'),
(519, 'PP', 'Spanser', '3', 0, 0, '0', '0', '0', 26, 21, '2025-12-09 17:16:32', '2025-12-09 17:16:32'),
(520, 'Ro', 'TNP', '3', 0, 0, '0', '0', '0', 7, 21, '2025-12-09 17:16:32', '2025-12-09 17:16:32'),
(521, 'Tum', 'Ggez', '3', 0, 0, '0', '1', '0', 10, 21, '2025-12-09 17:16:32', '2025-12-09 17:16:32'),
(522, 'Verse', 'Certifiedredflag', '3', 0, 0, '0', '0', '0', 30, 21, '2025-12-09 17:16:32', '2025-12-09 17:16:32'),
(523, 'Alvin', 'WatDaiTukTua', '3', 0, 0, '0', '1', '0', 6, 22, '2025-12-09 17:16:32', '2025-12-09 17:16:32'),
(524, 'Kraken', 'Aonglong', '3', 0, 0, '0', '0', '0', 28, 22, '2025-12-09 17:16:32', '2025-12-09 17:16:32'),
(525, 'PP', 'Spanser', '3', 0, 0, '0', '0', '0', 26, 22, '2025-12-09 17:16:32', '2025-12-09 17:16:32'),
(526, 'Ro', 'TNP', '3', 0, 0, '0', '0', '0', 7, 22, '2025-12-09 17:16:32', '2025-12-09 17:16:32'),
(527, 'Tum', 'Ggez', '3', 0, 0, '0', '1', '0', 10, 22, '2025-12-09 17:16:32', '2025-12-09 17:16:32'),
(528, 'Verse', 'Certifiedredflag', '3', 0, 0, '0', '1', '0', 30, 22, '2025-12-09 17:16:32', '2025-12-09 17:16:32'),
(529, 'Apex', 'Asewahemthenwankulwong', '4', 0, 0, '0', '1', '0', 22, 23, '2025-12-11 14:01:45', '2025-12-11 14:01:45'),
(530, 'Childe', 'Atreides', '4', 0, 0, '0', '0', '0', 29, 23, '2025-12-11 14:01:45', '2025-12-11 14:01:45'),
(531, 'Esso', 'Luvter', '4', 0, 0, '0', '1', '0', 1, 23, '2025-12-11 14:01:45', '2025-12-11 14:01:45'),
(532, 'Kiwi', 'Targayen', '4', 0, 0, '0', '1', '0', 9, 23, '2025-12-11 14:01:45', '2025-12-11 14:01:45'),
(533, 'Luna', 'Corleone', '4', 0, 0, '0', '1', '0', 19, 23, '2025-12-11 14:01:45', '2025-12-11 14:01:45'),
(534, 'Muyu', 'Atreides', '4', 0, 0, '0', '1', '0', 27, 23, '2025-12-11 14:01:45', '2025-12-11 14:02:12'),
(535, 'Apex', 'Asewahemthenwankulwong', '4', 143000, 143000, '1', '1', '0', 22, 24, '2025-12-11 14:01:45', '2025-12-15 15:43:18'),
(536, 'Childe', 'Atreides', '4', 143000, 0, '0', '1', '0', 29, 24, '2025-12-11 14:01:45', '2025-12-15 15:40:14'),
(537, 'Esso', 'Luvter', '4', 0, 0, '0', '0', '0', 1, 24, '2025-12-11 14:01:45', '2025-12-11 14:01:45'),
(538, 'Kiwi', 'Targayen', '4', 143000, 0, '0', '1', '0', 9, 24, '2025-12-11 14:01:45', '2025-12-15 15:40:14'),
(539, 'Luna', 'Corleone', '4', 143000, 143000, '1', '1', '0', 19, 24, '2025-12-11 14:01:45', '2025-12-15 17:46:01'),
(540, 'Muyu', 'Atreides', '4', 143000, 0, '0', '1', '0', 27, 24, '2025-12-11 14:01:45', '2025-12-15 15:40:14'),
(541, 'AKA', 'Tuhao', '1', 0, 0, '0', '1', '0', 31, 23, '2025-12-11 14:03:33', '2025-12-11 14:03:33'),
(542, 'Eikq', 'Sirivaradeechtanakul', '1', 0, 0, '0', '1', '0', 21, 23, '2025-12-11 14:03:33', '2025-12-11 14:03:33'),
(543, 'Moji', 'Wisejworawej', '1', 0, 0, '0', '0', '0', 25, 23, '2025-12-11 14:03:33', '2025-12-11 14:03:33'),
(544, 'Orty', 'Mangkornjaochu', '1', 0, 0, '0', '1', '0', 20, 23, '2025-12-11 14:03:33', '2025-12-11 14:03:33'),
(545, 'Poploy', 'Moset', '1', 0, 0, '0', '1', '0', 12, 23, '2025-12-11 14:03:33', '2025-12-11 14:03:33'),
(546, 'Real', 'Hmeee', '1', 0, 0, '0', '1', '0', 14, 23, '2025-12-11 14:03:33', '2025-12-11 14:03:33'),
(547, 'AKA', 'Tuhao', '1', 143000, 0, '0', '1', '0', 31, 24, '2025-12-11 14:03:33', '2025-12-15 15:40:14'),
(548, 'Eikq', 'Sirivaradeechtanakul', '1', 143000, 0, '0', '1', '0', 21, 24, '2025-12-11 14:03:33', '2025-12-15 15:40:14'),
(549, 'Moji', 'Wisejworawej', '1', 0, 0, '0', '0', '0', 25, 24, '2025-12-11 14:03:33', '2025-12-11 14:03:33'),
(550, 'Orty', 'Mangkornjaochu', '1', 143000, 143000, '1', '1', '0', 20, 24, '2025-12-11 14:03:33', '2025-12-15 15:44:16'),
(551, 'Poploy', 'Moset', '1', 143000, 0, '0', '1', '0', 12, 24, '2025-12-11 14:03:33', '2025-12-15 15:40:14'),
(552, 'Real', 'Hmeee', '1', 143000, 143000, '1', '1', '0', 14, 24, '2025-12-11 14:03:33', '2025-12-15 16:48:02'),
(553, 'Beb', 'Raikaat', '2', 0, 0, '0', '1', '0', 13, 23, '2025-12-11 17:12:31', '2025-12-12 11:26:52'),
(554, 'Betty', 'Westwood', '2', 0, 0, '0', '1', '0', 2, 23, '2025-12-11 17:12:31', '2025-12-11 17:12:31'),
(555, 'Coco', 'Voyage', '2', 0, 0, '0', '1', '0', 8, 23, '2025-12-11 17:12:31', '2025-12-11 17:12:31'),
(556, 'Txrbo', 'Raikaat', '2', 0, 0, '0', '0', '0', 17, 23, '2025-12-11 17:12:31', '2025-12-11 17:12:31'),
(557, 'Zenooo', 'Justwannaknow', '2', 0, 0, '0', '1', '0', 23, 23, '2025-12-11 17:12:31', '2025-12-11 17:12:31'),
(558, 'Zheps', 'Baancoke', '2', 0, 0, '0', '1', '0', 3, 23, '2025-12-11 17:12:31', '2025-12-11 17:12:31'),
(559, 'Beb', 'Raikaat', '2', 0, 0, '0', '0', '0', 13, 24, '2025-12-11 17:12:31', '2025-12-11 17:12:31'),
(560, 'Betty', 'Westwood', '2', 143000, 143000, '1', '1', '0', 2, 24, '2025-12-11 17:12:31', '2025-12-15 15:44:47'),
(561, 'Coco', 'Voyage', '2', 143000, 143000, '1', '1', '0', 8, 24, '2025-12-11 17:12:31', '2025-12-15 15:45:10'),
(562, 'Txrbo', 'Raikaat', '2', 0, 0, '0', '0', '0', 17, 24, '2025-12-11 17:12:31', '2025-12-11 17:12:31'),
(563, 'Zenooo', 'Justwannaknow', '2', 143000, 143000, '1', '1', '0', 23, 24, '2025-12-11 17:12:31', '2025-12-15 18:05:47'),
(564, 'Zheps', 'Baancoke', '2', 143000, 0, '0', '1', '0', 3, 24, '2025-12-11 17:12:31', '2025-12-15 15:40:14'),
(565, 'Alvin', 'WatDaiTukTua', '3', 0, 0, '0', '1', '0', 6, 23, '2025-12-11 17:12:45', '2025-12-11 17:12:45'),
(566, 'Kraken', 'Aonglong', '3', 0, 0, '0', '0', '0', 28, 23, '2025-12-11 17:12:45', '2025-12-11 17:12:45'),
(567, 'PP', 'Spanser', '3', 0, 0, '0', '0', '0', 26, 23, '2025-12-11 17:12:45', '2025-12-11 17:12:45'),
(568, 'Ro', 'TNP', '3', 0, 0, '0', '1', '0', 7, 23, '2025-12-11 17:12:45', '2025-12-11 17:12:45'),
(569, 'Tum', 'Ggez', '3', 0, 0, '0', '1', '0', 10, 23, '2025-12-11 17:12:45', '2025-12-11 17:12:45'),
(570, 'Verse', 'Certifiedredflag', '3', 0, 0, '0', '1', '0', 30, 23, '2025-12-11 17:12:45', '2025-12-11 17:12:45'),
(571, 'Alvin', 'WatDaiTukTua', '3', 143000, 0, '0', '1', '0', 6, 24, '2025-12-11 17:12:45', '2025-12-15 15:40:14'),
(572, 'Kraken', 'Aonglong', '3', 143000, 0, '0', '1', '0', 28, 24, '2025-12-11 17:12:45', '2025-12-15 15:40:14'),
(573, 'PP', 'Spanser', '3', 0, 0, '0', '0', '0', 26, 24, '2025-12-11 17:12:45', '2025-12-11 17:12:45'),
(574, 'Ro', 'TNP', '3', 143000, 0, '0', '1', '0', 7, 24, '2025-12-11 17:12:45', '2025-12-15 15:40:14'),
(575, 'Tum', 'Ggez', '3', 143000, 143000, '1', '1', '0', 10, 24, '2025-12-11 17:12:45', '2025-12-15 15:42:34'),
(576, 'Verse', 'Certifiedredflag', '3', 0, 0, '0', '0', '0', 30, 24, '2025-12-11 17:12:45', '2025-12-11 17:12:45'),
(577, 'Aezen', 'Trillest', '5', 0, 0, '0', '0', '0', 18, 23, '2025-12-11 17:12:53', '2025-12-11 17:12:53'),
(578, 'Jxyson', 'Trillest', '5', 0, 0, '0', '0', '0', 5, 23, '2025-12-11 17:12:53', '2025-12-11 17:12:53'),
(579, 'Mary', 'Jxn', '5', 0, 0, '0', '0', '0', 15, 23, '2025-12-11 17:12:53', '2025-12-11 17:12:53'),
(580, 'Mikey', 'Trillest', '5', 0, 0, '0', '0', '0', 24, 23, '2025-12-11 17:12:53', '2025-12-11 17:12:53'),
(581, 'Time', 'Trillest', '5', 0, 0, '0', '0', '0', 16, 23, '2025-12-11 17:12:53', '2025-12-11 17:12:53'),
(582, 'Yoyo', 'Trillest', '5', 0, 0, '0', '0', '0', 11, 23, '2025-12-11 17:12:53', '2025-12-11 17:12:53'),
(583, 'Aezen', 'Trillest', '5', 0, 0, '0', '0', '0', 18, 24, '2025-12-11 17:12:53', '2025-12-11 17:12:53'),
(584, 'Jxyson', 'Trillest', '5', 0, 0, '0', '0', '0', 5, 24, '2025-12-11 17:12:53', '2025-12-11 17:12:53'),
(585, 'Mary', 'Jxn', '5', 0, 0, '0', '0', '0', 15, 24, '2025-12-11 17:12:53', '2025-12-11 17:12:53'),
(586, 'Mikey', 'Trillest', '5', 143000, 0, '0', '1', '0', 24, 24, '2025-12-11 17:12:53', '2025-12-15 15:40:14'),
(587, 'Time', 'Trillest', '5', 0, 0, '0', '0', '0', 16, 24, '2025-12-11 17:12:53', '2025-12-11 17:12:53'),
(588, 'Yoyo', 'Trillest', '5', 143000, 0, '0', '1', '0', 11, 24, '2025-12-11 17:12:53', '2025-12-15 15:40:14'),
(589, 'Apex', 'Asewahemthenwankulwong', '4', 0, 0, '0', '1', '0', 22, 25, '2025-12-12 12:20:15', '2025-12-12 12:20:15'),
(590, 'Childe', 'Atreides', '4', 0, 0, '0', '1', '0', 29, 25, '2025-12-12 12:20:15', '2025-12-12 12:20:15'),
(591, 'Esso', 'Luvter', '4', 0, 0, '0', '1', '0', 1, 25, '2025-12-12 12:20:15', '2025-12-12 12:20:15'),
(592, 'Kiwi', 'Targayen', '4', 0, 0, '0', '0', '0', 9, 25, '2025-12-12 12:20:15', '2025-12-12 12:20:15'),
(593, 'Luna', 'Corleone', '4', 0, 0, '0', '1', '0', 19, 25, '2025-12-12 12:20:15', '2025-12-12 12:20:15'),
(594, 'Muyu', 'Atreides', '4', 0, 0, '0', '1', '0', 27, 25, '2025-12-12 12:20:15', '2025-12-12 12:20:15'),
(595, 'Apex', 'Asewahemthenwankulwong', '4', 0, 0, '0', '0', '0', 22, 26, '2025-12-12 12:20:15', '2025-12-12 12:20:15'),
(596, 'Childe', 'Atreides', '4', 0, 0, '0', '0', '0', 29, 26, '2025-12-12 12:20:15', '2025-12-12 12:20:15'),
(597, 'Esso', 'Luvter', '4', 0, 0, '0', '0', '0', 1, 26, '2025-12-12 12:20:15', '2025-12-12 12:20:15'),
(598, 'Kiwi', 'Targayen', '4', 0, 0, '0', '0', '0', 9, 26, '2025-12-12 12:20:15', '2025-12-12 12:20:15'),
(599, 'Luna', 'Corleone', '4', 0, 0, '0', '0', '0', 19, 26, '2025-12-12 12:20:15', '2025-12-12 12:20:15'),
(600, 'Muyu', 'Atreides', '4', 0, 0, '0', '0', '0', 27, 26, '2025-12-12 12:20:15', '2025-12-12 12:20:15'),
(601, 'Aezen', 'Trillest', '5', 0, 0, '0', '0', '0', 18, 27, '2025-12-13 14:01:26', '2025-12-13 14:01:26'),
(602, 'Jxyson', 'Trillest', '5', 0, 0, '0', '0', '0', 5, 27, '2025-12-13 14:01:26', '2025-12-13 14:01:26'),
(603, 'Mary', 'Jxn', '5', 0, 0, '0', '0', '0', 15, 27, '2025-12-13 14:01:26', '2025-12-13 14:01:26'),
(604, 'Mikey', 'Trillest', '5', 0, 0, '0', '0', '0', 24, 27, '2025-12-13 14:01:26', '2025-12-13 14:01:26'),
(605, 'Time', 'Trillest', '5', 0, 0, '0', '0', '0', 16, 27, '2025-12-13 14:01:26', '2025-12-13 14:01:26'),
(606, 'Yoyo', 'Trillest', '5', 0, 0, '0', '1', '0', 11, 27, '2025-12-13 14:01:26', '2025-12-13 14:01:26'),
(607, 'Aezen', 'Trillest', '5', 0, 0, '0', '0', '0', 18, 28, '2025-12-13 14:01:26', '2025-12-13 14:01:26'),
(608, 'Jxyson', 'Trillest', '5', 0, 0, '0', '0', '0', 5, 28, '2025-12-13 14:01:26', '2025-12-13 14:01:26'),
(609, 'Mary', 'Jxn', '5', 0, 0, '0', '0', '0', 15, 28, '2025-12-13 14:01:26', '2025-12-13 14:01:26'),
(610, 'Mikey', 'Trillest', '5', 0, 0, '0', '0', '0', 24, 28, '2025-12-13 14:01:26', '2025-12-13 14:01:26'),
(611, 'Time', 'Trillest', '5', 0, 0, '0', '0', '0', 16, 28, '2025-12-13 14:01:26', '2025-12-13 14:01:26'),
(612, 'Yoyo', 'Trillest', '5', 0, 0, '0', '0', '0', 11, 28, '2025-12-13 14:01:26', '2025-12-13 14:01:26'),
(613, 'Beb', 'Raikaat', '2', 0, 0, '0', '0', '0', 13, 27, '2025-12-13 14:01:30', '2025-12-13 14:01:30'),
(614, 'Betty', 'Westwood', '2', 0, 0, '0', '1', '0', 2, 27, '2025-12-13 14:01:30', '2025-12-13 14:07:21'),
(615, 'Coco', 'Voyage', '2', 0, 0, '0', '1', '0', 8, 27, '2025-12-13 14:01:30', '2025-12-13 14:07:21'),
(616, 'Txrbo', 'Raikaat', '2', 0, 0, '0', '0', '0', 17, 27, '2025-12-13 14:01:30', '2025-12-13 14:01:30'),
(617, 'Zenooo', 'Justwannaknow', '2', 0, 0, '0', '1', '0', 23, 27, '2025-12-13 14:01:30', '2025-12-13 14:07:21'),
(618, 'Zheps', 'Baancoke', '2', 0, 0, '0', '1', '0', 3, 27, '2025-12-13 14:01:30', '2025-12-13 14:01:30'),
(619, 'Beb', 'Raikaat', '2', 0, 0, '0', '0', '0', 13, 28, '2025-12-13 14:01:30', '2025-12-13 14:01:30'),
(620, 'Betty', 'Westwood', '2', 0, 0, '0', '0', '0', 2, 28, '2025-12-13 14:01:30', '2025-12-13 14:01:30'),
(621, 'Coco', 'Voyage', '2', 0, 0, '0', '0', '0', 8, 28, '2025-12-13 14:01:30', '2025-12-13 14:01:30'),
(622, 'Txrbo', 'Raikaat', '2', 0, 0, '0', '0', '0', 17, 28, '2025-12-13 14:01:30', '2025-12-13 14:01:30'),
(623, 'Zenooo', 'Justwannaknow', '2', 0, 0, '0', '0', '0', 23, 28, '2025-12-13 14:01:30', '2025-12-13 14:01:30'),
(624, 'Zheps', 'Baancoke', '2', 0, 0, '0', '0', '0', 3, 28, '2025-12-13 14:01:30', '2025-12-13 14:01:30'),
(625, 'AKA', 'Tuhao', '1', 0, 0, '0', '1', '0', 31, 27, '2025-12-13 14:02:20', '2025-12-13 14:02:20'),
(626, 'Eikq', 'Sirivaradeechtanakul', '1', 0, 0, '0', '0', '0', 21, 27, '2025-12-13 14:02:20', '2025-12-13 14:02:20'),
(627, 'Moji', 'Wisejworawej', '1', 0, 0, '0', '0', '0', 25, 27, '2025-12-13 14:02:20', '2025-12-13 14:02:20'),
(628, 'Orty', 'Mangkornjaochu', '1', 0, 0, '0', '1', '0', 20, 27, '2025-12-13 14:02:20', '2025-12-13 14:02:20'),
(629, 'Poploy', 'Moset', '1', 0, 0, '0', '0', '0', 12, 27, '2025-12-13 14:02:20', '2025-12-13 14:02:20'),
(630, 'Real', 'Hmeee', '1', 0, 0, '0', '1', '0', 14, 27, '2025-12-13 14:02:20', '2025-12-13 14:02:20'),
(631, 'AKA', 'Tuhao', '1', 0, 0, '0', '0', '0', 31, 28, '2025-12-13 14:02:20', '2025-12-13 14:02:20'),
(632, 'Eikq', 'Sirivaradeechtanakul', '1', 0, 0, '0', '1', '0', 21, 28, '2025-12-13 14:02:20', '2025-12-13 17:03:23'),
(633, 'Moji', 'Wisejworawej', '1', 0, 0, '0', '0', '0', 25, 28, '2025-12-13 14:02:20', '2025-12-13 14:02:20'),
(634, 'Orty', 'Mangkornjaochu', '1', 0, 0, '0', '1', '0', 20, 28, '2025-12-13 14:02:20', '2025-12-13 17:02:09'),
(635, 'Poploy', 'Moset', '1', 0, 0, '0', '0', '0', 12, 28, '2025-12-13 14:02:20', '2025-12-13 14:02:20'),
(636, 'Real', 'Hmeee', '1', 0, 0, '0', '0', '0', 14, 28, '2025-12-13 14:02:20', '2025-12-13 14:02:20'),
(637, 'Apex', 'Asewahemthenwankulwong', '4', 0, 0, '0', '1', '0', 22, 27, '2025-12-13 14:08:22', '2025-12-13 14:08:22'),
(638, 'Childe', 'Atreides', '4', 0, 0, '0', '1', '0', 29, 27, '2025-12-13 14:08:22', '2025-12-13 14:08:22'),
(639, 'Esso', 'Luvter', '4', 0, 0, '0', '1', '0', 1, 27, '2025-12-13 14:08:22', '2025-12-13 14:08:22'),
(640, 'Kiwi', 'Targayen', '4', 0, 0, '0', '0', '0', 9, 27, '2025-12-13 14:08:22', '2025-12-13 14:08:22'),
(641, 'Luna', 'Corleone', '4', 0, 0, '0', '1', '0', 19, 27, '2025-12-13 14:08:22', '2025-12-13 14:08:22'),
(642, 'Muyu', 'Atreides', '4', 0, 0, '0', '0', '0', 27, 27, '2025-12-13 14:08:22', '2025-12-13 14:08:22'),
(643, 'Apex', 'Asewahemthenwankulwong', '4', 0, 0, '0', '1', '0', 22, 28, '2025-12-13 14:08:22', '2025-12-13 17:01:47'),
(644, 'Childe', 'Atreides', '4', 0, 0, '0', '1', '0', 29, 28, '2025-12-13 14:08:22', '2025-12-13 17:01:47'),
(645, 'Esso', 'Luvter', '4', 0, 0, '0', '1', '0', 1, 28, '2025-12-13 14:08:22', '2025-12-13 17:01:47'),
(646, 'Kiwi', 'Targayen', '4', 0, 0, '0', '0', '0', 9, 28, '2025-12-13 14:08:22', '2025-12-13 14:08:22'),
(647, 'Luna', 'Corleone', '4', 0, 0, '0', '1', '0', 19, 28, '2025-12-13 14:08:22', '2025-12-13 17:01:47'),
(648, 'Muyu', 'Atreides', '4', 0, 0, '0', '0', '0', 27, 28, '2025-12-13 14:08:22', '2025-12-13 14:08:22'),
(649, 'Apex', 'Asewahemthenwankulwong', '4', 0, 0, '0', '1', '0', 22, 29, '2025-12-13 17:02:40', '2025-12-14 14:01:29'),
(650, 'Childe', 'Atreides', '4', 0, 0, '0', '1', '0', 29, 29, '2025-12-13 17:02:40', '2025-12-14 14:01:41'),
(651, 'Esso', 'Luvter', '4', 0, 0, '0', '1', '0', 1, 29, '2025-12-13 17:02:40', '2025-12-14 14:01:29'),
(652, 'Kiwi', 'Targayen', '4', 0, 0, '0', '0', '0', 9, 29, '2025-12-13 17:02:40', '2025-12-13 17:02:40'),
(653, 'Luna', 'Corleone', '4', 0, 0, '0', '0', '0', 19, 29, '2025-12-13 17:02:40', '2025-12-14 08:49:05'),
(654, 'Muyu', 'Atreides', '4', 0, 0, '0', '1', '0', 27, 29, '2025-12-13 17:02:40', '2025-12-14 14:01:29'),
(655, 'Apex', 'Asewahemthenwankulwong', '4', 236364, 236364, '1', '1', '0', 22, 30, '2025-12-13 17:02:40', '2025-12-15 15:43:18'),
(656, 'Childe', 'Atreides', '4', 236364, 0, '0', '1', '0', 29, 30, '2025-12-13 17:02:40', '2025-12-15 15:39:19'),
(657, 'Esso', 'Luvter', '4', 0, 0, '0', '0', '0', 1, 30, '2025-12-13 17:02:40', '2025-12-14 08:49:05'),
(658, 'Kiwi', 'Targayen', '4', 0, 0, '0', '0', '0', 9, 30, '2025-12-13 17:02:40', '2025-12-13 17:02:40'),
(659, 'Luna', 'Corleone', '4', 236364, 236364, '1', '1', '0', 19, 30, '2025-12-13 17:02:40', '2025-12-15 17:46:01'),
(660, 'Muyu', 'Atreides', '4', 0, 0, '0', '0', '0', 27, 30, '2025-12-13 17:02:40', '2025-12-13 17:02:40'),
(661, 'AKA', 'Tuhao', '1', 0, 0, '0', '1', '0', 31, 29, '2025-12-14 14:02:22', '2025-12-14 14:02:22'),
(662, 'Eikq', 'Sirivaradeechtanakul', '1', 0, 0, '0', '1', '0', 21, 29, '2025-12-14 14:02:22', '2025-12-14 14:02:22'),
(663, 'Moji', 'Wisejworawej', '1', 0, 0, '0', '0', '0', 25, 29, '2025-12-14 14:02:22', '2025-12-14 14:02:22'),
(664, 'Orty', 'Mangkornjaochu', '1', 0, 0, '0', '1', '0', 20, 29, '2025-12-14 14:02:22', '2025-12-14 14:02:22'),
(665, 'Poploy', 'Moset', '1', 0, 0, '0', '0', '0', 12, 29, '2025-12-14 14:02:22', '2025-12-14 14:02:22'),
(666, 'Real', 'Hmeee', '1', 0, 0, '0', '1', '0', 14, 29, '2025-12-14 14:02:22', '2025-12-14 14:02:22'),
(667, 'AKA', 'Tuhao', '1', 0, 0, '0', '0', '0', 31, 30, '2025-12-14 14:02:22', '2025-12-14 14:02:22'),
(668, 'Eikq', 'Sirivaradeechtanakul', '1', 0, 0, '0', '0', '0', 21, 30, '2025-12-14 14:02:22', '2025-12-14 14:02:22'),
(669, 'Moji', 'Wisejworawej', '1', 0, 0, '0', '0', '0', 25, 30, '2025-12-14 14:02:22', '2025-12-14 14:02:22'),
(670, 'Orty', 'Mangkornjaochu', '1', 236364, 236364, '1', '1', '0', 20, 30, '2025-12-14 14:02:22', '2025-12-15 15:44:16'),
(671, 'Poploy', 'Moset', '1', 0, 0, '0', '0', '0', 12, 30, '2025-12-14 14:02:22', '2025-12-14 14:02:22'),
(672, 'Real', 'Hmeee', '1', 236364, 236364, '1', '1', '0', 14, 30, '2025-12-14 14:02:22', '2025-12-15 16:48:02'),
(673, 'Beb', 'Raikaat', '2', 0, 0, '0', '0', '0', 13, 29, '2025-12-14 14:12:19', '2025-12-14 14:12:19'),
(674, 'Betty', 'Westwood', '2', 0, 0, '0', '0', '0', 2, 29, '2025-12-14 14:12:19', '2025-12-14 14:12:19'),
(675, 'Coco', 'Voyage', '2', 0, 0, '0', '1', '0', 8, 29, '2025-12-14 14:12:19', '2025-12-14 14:12:19'),
(676, 'Txrbo', 'Raikaat', '2', 0, 0, '0', '1', '0', 17, 29, '2025-12-14 14:12:19', '2025-12-14 14:12:19'),
(677, 'Zenooo', 'Justwannaknow', '2', 0, 0, '0', '1', '0', 23, 29, '2025-12-14 14:12:19', '2025-12-14 14:12:19'),
(678, 'Zheps', 'Baancoke', '2', 0, 0, '0', '1', '0', 3, 29, '2025-12-14 14:12:19', '2025-12-14 14:12:19'),
(679, 'Beb', 'Raikaat', '2', 236364, 236364, '1', '1', '0', 13, 30, '2025-12-14 14:12:19', '2025-12-15 17:06:53'),
(680, 'Betty', 'Westwood', '2', 236364, 236364, '1', '1', '0', 2, 30, '2025-12-14 14:12:19', '2025-12-15 15:44:47'),
(681, 'Coco', 'Voyage', '2', 236364, 236364, '1', '1', '0', 8, 30, '2025-12-14 14:12:19', '2025-12-15 15:45:10'),
(682, 'Txrbo', 'Raikaat', '2', 0, 0, '0', '0', '0', 17, 30, '2025-12-14 14:12:19', '2025-12-14 14:12:19'),
(683, 'Zenooo', 'Justwannaknow', '2', 236364, 236364, '1', '1', '0', 23, 30, '2025-12-14 14:12:19', '2025-12-15 18:05:47'),
(684, 'Zheps', 'Baancoke', '2', 236364, 0, '0', '1', '0', 3, 30, '2025-12-14 14:12:19', '2025-12-15 15:39:19'),
(685, 'Alvin', 'WatDaiTukTua', '3', 0, 0, '0', '0', '0', 6, 29, '2025-12-14 17:07:58', '2025-12-14 17:07:58'),
(686, 'Kraken', 'Aonglong', '3', 0, 0, '0', '0', '0', 28, 29, '2025-12-14 17:07:58', '2025-12-14 17:07:58'),
(687, 'PP', 'Spanser', '3', 0, 0, '0', '0', '0', 26, 29, '2025-12-14 17:07:58', '2025-12-14 17:07:58'),
(688, 'Ro', 'TNP', '3', 0, 0, '0', '0', '0', 7, 29, '2025-12-14 17:07:58', '2025-12-14 17:07:58'),
(689, 'Tum', 'Ggez', '3', 0, 0, '0', '0', '0', 10, 29, '2025-12-14 17:07:58', '2025-12-14 17:07:58'),
(690, 'Verse', 'Certifiedredflag', '3', 0, 0, '0', '0', '0', 30, 29, '2025-12-14 17:07:58', '2025-12-14 17:07:58'),
(691, 'Alvin', 'WatDaiTukTua', '3', 0, 0, '0', '0', '0', 6, 30, '2025-12-14 17:07:58', '2025-12-14 17:07:58'),
(692, 'Kraken', 'Aonglong', '3', 0, 0, '0', '0', '0', 28, 30, '2025-12-14 17:07:58', '2025-12-14 17:07:58'),
(693, 'PP', 'Spanser', '3', 0, 0, '0', '0', '0', 26, 30, '2025-12-14 17:07:58', '2025-12-14 17:07:58'),
(694, 'Ro', 'TNP', '3', 0, 0, '0', '0', '0', 7, 30, '2025-12-14 17:07:58', '2025-12-14 17:07:58'),
(695, 'Tum', 'Ggez', '3', 236364, 236364, '1', '1', '0', 10, 30, '2025-12-14 17:07:58', '2025-12-15 15:42:34'),
(696, 'Verse', 'Certifiedredflag', '3', 0, 0, '0', '0', '0', 30, 30, '2025-12-14 17:07:58', '2025-12-14 17:07:58'),
(697, 'Alvin', 'WatDaiTukTua', '3', 0, 0, '0', '0', '0', 6, 31, '2025-12-14 17:08:22', '2025-12-14 17:08:22'),
(698, 'Kraken', 'Aonglong', '3', 0, 0, '0', '0', '0', 28, 31, '2025-12-14 17:08:22', '2025-12-14 17:08:22'),
(699, 'PP', 'Spanser', '3', 0, 0, '0', '0', '0', 26, 31, '2025-12-14 17:08:22', '2025-12-14 17:08:22'),
(700, 'Ro', 'TNP', '3', 0, 0, '0', '0', '0', 7, 31, '2025-12-14 17:08:22', '2025-12-14 17:08:22'),
(701, 'Tum', 'Ggez', '3', 0, 0, '0', '0', '0', 10, 31, '2025-12-14 17:08:22', '2025-12-14 17:08:22'),
(702, 'Verse', 'Certifiedredflag', '3', 0, 0, '0', '0', '0', 30, 31, '2025-12-14 17:08:22', '2025-12-14 17:08:22'),
(703, 'Alvin', 'WatDaiTukTua', '3', 0, 0, '0', '0', '0', 6, 32, '2025-12-14 17:08:22', '2025-12-14 17:08:22'),
(704, 'Kraken', 'Aonglong', '3', 0, 0, '0', '0', '0', 28, 32, '2025-12-14 17:08:22', '2025-12-14 17:08:22'),
(705, 'PP', 'Spanser', '3', 0, 0, '0', '0', '0', 26, 32, '2025-12-14 17:08:22', '2025-12-14 17:08:22'),
(706, 'Ro', 'TNP', '3', 0, 0, '0', '0', '0', 7, 32, '2025-12-14 17:08:22', '2025-12-14 17:08:22'),
(707, 'Tum', 'Ggez', '3', 0, 0, '0', '0', '0', 10, 32, '2025-12-14 17:08:22', '2025-12-14 17:08:34'),
(708, 'Verse', 'Certifiedredflag', '3', 0, 0, '0', '0', '0', 30, 32, '2025-12-14 17:08:22', '2025-12-14 17:08:22'),
(709, 'AKA', 'Tuhao', '1', 0, 0, '0', '1', '0', 31, 31, '2025-12-15 14:02:49', '2025-12-15 14:02:49'),
(710, 'Eikq', 'Sirivaradeechtanakul', '1', 0, 0, '0', '0', '0', 21, 31, '2025-12-15 14:02:49', '2025-12-15 14:02:49'),
(711, 'Moji', 'Wisejworawej', '1', 0, 0, '0', '1', '0', 25, 31, '2025-12-15 14:02:49', '2025-12-15 14:02:49'),
(712, 'Orty', 'Mangkornjaochu', '1', 0, 0, '0', '1', '0', 20, 31, '2025-12-15 14:02:49', '2025-12-15 14:02:49'),
(713, 'Poploy', 'Moset', '1', 0, 0, '0', '1', '0', 12, 31, '2025-12-15 14:02:49', '2025-12-15 14:02:49'),
(714, 'Real', 'Hmeee', '1', 0, 0, '0', '1', '0', 14, 31, '2025-12-15 14:02:49', '2025-12-15 14:02:49'),
(715, 'AKA', 'Tuhao', '1', 0, 0, '0', '0', '0', 31, 32, '2025-12-15 14:02:49', '2025-12-15 14:02:49'),
(716, 'Eikq', 'Sirivaradeechtanakul', '1', 0, 0, '0', '0', '0', 21, 32, '2025-12-15 14:02:49', '2025-12-15 14:02:49'),
(717, 'Moji', 'Wisejworawej', '1', 0, 0, '0', '1', '0', 25, 32, '2025-12-15 14:02:49', '2025-12-15 17:02:17'),
(718, 'Orty', 'Mangkornjaochu', '1', 0, 0, '0', '1', '0', 20, 32, '2025-12-15 14:02:49', '2025-12-15 17:02:17'),
(719, 'Poploy', 'Moset', '1', 0, 0, '0', '1', '0', 12, 32, '2025-12-15 14:02:49', '2025-12-15 17:02:17'),
(720, 'Real', 'Hmeee', '1', 0, 0, '0', '1', '0', 14, 32, '2025-12-15 14:02:49', '2025-12-15 17:02:17'),
(721, 'Apex', 'Asewahemthenwankulwong', '4', 0, 0, '0', '0', '0', 22, 31, '2025-12-15 14:04:49', '2025-12-15 14:04:49'),
(722, 'Childe', 'Atreides', '4', 0, 0, '0', '0', '0', 29, 31, '2025-12-15 14:04:49', '2025-12-15 14:04:49'),
(723, 'Esso', 'Luvter', '4', 0, 0, '0', '1', '0', 1, 31, '2025-12-15 14:04:49', '2025-12-15 14:04:49'),
(724, 'Kiwi', 'Targayen', '4', 0, 0, '0', '0', '0', 9, 31, '2025-12-15 14:04:49', '2025-12-15 14:04:49'),
(725, 'Luna', 'Corleone', '4', 0, 0, '0', '1', '0', 19, 31, '2025-12-15 14:04:49', '2025-12-15 14:04:49'),
(726, 'Muyu', 'Atreides', '4', 0, 0, '0', '1', '0', 27, 31, '2025-12-15 14:04:49', '2025-12-15 14:04:49'),
(727, 'Apex', 'Asewahemthenwankulwong', '4', 0, 0, '0', '1', '0', 22, 32, '2025-12-15 14:04:49', '2025-12-16 00:54:58'),
(728, 'Childe', 'Atreides', '4', 0, 0, '0', '1', '0', 29, 32, '2025-12-15 14:04:49', '2025-12-16 00:54:58'),
(729, 'Esso', 'Luvter', '4', 0, 0, '0', '0', '0', 1, 32, '2025-12-15 14:04:49', '2025-12-15 14:04:49'),
(730, 'Kiwi', 'Targayen', '4', 0, 0, '0', '0', '0', 9, 32, '2025-12-15 14:04:49', '2025-12-15 14:04:49'),
(731, 'Luna', 'Corleone', '4', 0, 0, '0', '1', '0', 19, 32, '2025-12-15 14:04:49', '2025-12-16 00:54:58'),
(732, 'Muyu', 'Atreides', '4', 0, 0, '0', '0', '0', 27, 32, '2025-12-15 14:04:49', '2025-12-15 14:04:49'),
(733, 'Alvin', 'WatDaiTukTua', '3', 157368, 0, '0', '1', '0', 6, 33, '2025-12-16 05:20:31', '2025-12-16 06:00:42'),
(734, 'Kraken', 'Aonglong', '3', 157368, 0, '0', '1', '0', 28, 33, '2025-12-16 05:20:31', '2025-12-16 06:00:42'),
(735, 'PP', 'Spanser', '3', 0, 0, '0', '0', '0', 26, 33, '2025-12-16 05:20:31', '2025-12-16 05:20:31'),
(736, 'Ro', 'TNP', '3', 157368, 0, '0', '1', '0', 7, 33, '2025-12-16 05:20:31', '2025-12-16 06:00:42'),
(737, 'Tum', 'Ggez', '3', 157368, 0, '0', '1', '0', 10, 33, '2025-12-16 05:20:31', '2025-12-16 06:00:42'),
(738, 'Verse', 'Certifiedredflag', '3', 0, 0, '0', '0', '0', 30, 33, '2025-12-16 05:20:31', '2025-12-16 05:20:31'),
(739, 'Alvin', 'WatDaiTukTua', '3', 85185, 0, '0', '1', '0', 6, 34, '2025-12-16 05:20:31', '2025-12-16 06:00:03'),
(740, 'Kraken', 'Aonglong', '3', 85185, 0, '0', '1', '0', 28, 34, '2025-12-16 05:20:31', '2025-12-16 06:00:03'),
(741, 'PP', 'Spanser', '3', 0, 0, '0', '0', '0', 26, 34, '2025-12-16 05:20:31', '2025-12-16 05:20:31'),
(742, 'Ro', 'TNP', '3', 85185, 0, '0', '1', '0', 7, 34, '2025-12-16 05:20:31', '2025-12-16 06:00:03'),
(743, 'Tum', 'Ggez', '3', 85185, 0, '0', '1', '0', 10, 34, '2025-12-16 05:20:31', '2025-12-16 06:00:03'),
(744, 'Verse', 'Certifiedredflag', '3', 85185, 0, '0', '1', '0', 30, 34, '2025-12-16 05:20:31', '2025-12-16 06:00:03'),
(745, 'Apex', 'Asewahemthenwankulwong', '4', 157368, 0, '0', '1', '0', 22, 33, '2025-12-16 05:20:37', '2025-12-16 06:00:42'),
(746, 'Childe', 'Atreides', '4', 0, 0, '0', '0', '0', 29, 33, '2025-12-16 05:20:37', '2025-12-16 05:20:37'),
(747, 'Esso', 'Luvter', '4', 157368, 0, '0', '1', '0', 1, 33, '2025-12-16 05:20:37', '2025-12-16 06:00:42'),
(748, 'Kiwi', 'Targayen', '4', 157368, 0, '0', '1', '0', 9, 33, '2025-12-16 05:20:37', '2025-12-16 06:00:42'),
(749, 'Luna', 'Corleone', '4', 0, 0, '0', '0', '0', 19, 33, '2025-12-16 05:20:37', '2025-12-16 05:20:37'),
(750, 'Muyu', 'Atreides', '4', 157368, 0, '0', '1', '0', 27, 33, '2025-12-16 05:20:37', '2025-12-16 06:00:42'),
(751, 'Apex', 'Asewahemthenwankulwong', '4', 85185, 0, '0', '1', '0', 22, 34, '2025-12-16 05:20:37', '2025-12-16 06:00:03'),
(752, 'Childe', 'Atreides', '4', 85185, 0, '0', '1', '0', 29, 34, '2025-12-16 05:20:37', '2025-12-16 06:00:03'),
(753, 'Esso', 'Luvter', '4', 85185, 0, '0', '1', '0', 1, 34, '2025-12-16 05:20:37', '2025-12-16 06:00:03'),
(754, 'Kiwi', 'Targayen', '4', 85185, 0, '0', '1', '0', 9, 34, '2025-12-16 05:20:37', '2025-12-16 06:00:03'),
(755, 'Luna', 'Corleone', '4', 85185, 0, '0', '1', '0', 19, 34, '2025-12-16 05:20:37', '2025-12-16 06:00:03'),
(756, 'Muyu', 'Atreides', '4', 85185, 0, '0', '1', '0', 27, 34, '2025-12-16 05:20:37', '2025-12-16 06:00:03'),
(757, 'Beb', 'Raikaat', '2', 157368, 0, '0', '1', '0', 13, 33, '2025-12-16 05:20:55', '2025-12-16 06:00:42'),
(758, 'Betty', 'Westwood', '2', 157368, 0, '0', '1', '0', 2, 33, '2025-12-16 05:20:55', '2025-12-16 06:00:42'),
(759, 'Coco', 'Voyage', '2', 157368, 0, '0', '1', '0', 8, 33, '2025-12-16 05:20:55', '2025-12-16 06:00:42'),
(760, 'Txrbo', 'Raikaat', '2', 0, 0, '0', '0', '0', 17, 33, '2025-12-16 05:20:55', '2025-12-16 05:20:55'),
(761, 'Zenooo', 'Justwannaknow', '2', 157368, 0, '0', '1', '0', 23, 33, '2025-12-16 05:20:55', '2025-12-16 06:00:42'),
(762, 'Zheps', 'Baancoke', '2', 0, 0, '0', '0', '0', 3, 33, '2025-12-16 05:20:55', '2025-12-16 05:20:55'),
(763, 'Beb', 'Raikaat', '2', 85185, 0, '0', '1', '0', 13, 34, '2025-12-16 05:20:55', '2025-12-16 06:00:03'),
(764, 'Betty', 'Westwood', '2', 85185, 0, '0', '1', '0', 2, 34, '2025-12-16 05:20:55', '2025-12-16 06:00:03'),
(765, 'Coco', 'Voyage', '2', 85185, 0, '0', '1', '0', 8, 34, '2025-12-16 05:20:55', '2025-12-16 06:00:03'),
(766, 'Txrbo', 'Raikaat', '2', 0, 0, '0', '0', '0', 17, 34, '2025-12-16 05:20:55', '2025-12-16 05:20:55'),
(767, 'Zenooo', 'Justwannaknow', '2', 85185, 0, '0', '1', '0', 23, 34, '2025-12-16 05:20:55', '2025-12-16 06:00:03'),
(768, 'Zheps', 'Baancoke', '2', 85185, 0, '0', '1', '0', 3, 34, '2025-12-16 05:20:55', '2025-12-16 06:00:03'),
(769, 'AKA', 'Tuhao', '1', 0, 0, '0', '0', '0', 31, 33, '2025-12-16 05:21:11', '2025-12-16 05:21:11'),
(770, 'Eikq', 'Sirivaradeechtanakul', '1', 157368, 0, '0', '1', '0', 21, 33, '2025-12-16 05:21:11', '2025-12-16 06:00:42'),
(771, 'Moji', 'Wisejworawej', '1', 0, 0, '0', '0', '0', 25, 33, '2025-12-16 05:21:11', '2025-12-16 05:21:11'),
(772, 'Orty', 'Mangkornjaochu', '1', 157368, 0, '0', '1', '0', 20, 33, '2025-12-16 05:21:11', '2025-12-16 06:00:42'),
(773, 'Poploy', 'Moset', '1', 157368, 0, '0', '1', '0', 12, 33, '2025-12-16 05:21:11', '2025-12-16 06:00:42'),
(774, 'Real', 'Hmeee', '1', 157368, 0, '0', '1', '0', 14, 33, '2025-12-16 05:21:11', '2025-12-16 06:00:42'),
(775, 'AKA', 'Tuhao', '1', 0, 0, '0', '0', '0', 31, 34, '2025-12-16 05:21:11', '2025-12-16 05:21:11'),
(776, 'Eikq', 'Sirivaradeechtanakul', '1', 85185, 0, '0', '1', '0', 21, 34, '2025-12-16 05:21:11', '2025-12-16 06:00:03'),
(777, 'Moji', 'Wisejworawej', '1', 0, 0, '0', '0', '0', 25, 34, '2025-12-16 05:21:11', '2025-12-16 05:21:11'),
(778, 'Orty', 'Mangkornjaochu', '1', 85185, 0, '0', '1', '0', 20, 34, '2025-12-16 05:21:11', '2025-12-16 06:00:03'),
(779, 'Poploy', 'Moset', '1', 85185, 0, '0', '1', '0', 12, 34, '2025-12-16 05:21:11', '2025-12-16 06:00:03'),
(780, 'Real', 'Hmeee', '1', 85185, 0, '0', '1', '0', 14, 34, '2025-12-16 05:21:11', '2025-12-16 06:00:03'),
(781, 'Aezen', 'Trillest', '5', 0, 0, '0', '0', '0', 18, 33, '2025-12-16 05:21:41', '2025-12-16 05:21:41'),
(782, 'Jxyson', 'Trillest', '5', 157368, 0, '0', '1', '0', 5, 33, '2025-12-16 05:21:41', '2025-12-16 06:00:42'),
(783, 'Mary', 'Jxn', '5', 0, 0, '0', '0', '0', 15, 33, '2025-12-16 05:21:41', '2025-12-16 05:21:41'),
(784, 'Mikey', 'Trillest', '5', 0, 0, '0', '0', '0', 24, 33, '2025-12-16 05:21:41', '2025-12-16 05:21:41'),
(785, 'Time', 'Trillest', '5', 157368, 0, '0', '1', '0', 16, 33, '2025-12-16 05:21:41', '2025-12-16 06:00:42'),
(786, 'Yoyo', 'Trillest', '5', 0, 0, '0', '0', '0', 11, 33, '2025-12-16 05:21:41', '2025-12-16 05:21:41'),
(787, 'Aezen', 'Trillest', '5', 85185, 0, '0', '1', '0', 18, 34, '2025-12-16 05:21:41', '2025-12-16 06:32:40'),
(788, 'Jxyson', 'Trillest', '5', 85185, 0, '0', '1', '0', 5, 34, '2025-12-16 05:21:41', '2025-12-16 06:00:03'),
(789, 'Mary', 'Jxn', '5', 85185, 0, '0', '1', '0', 15, 34, '2025-12-16 05:21:41', '2025-12-16 06:00:03'),
(790, 'Mikey', 'Trillest', '5', 85185, 0, '0', '1', '0', 24, 34, '2025-12-16 05:21:41', '2025-12-16 06:00:03'),
(791, 'Time', 'Trillest', '5', 85185, 0, '0', '1', '0', 16, 34, '2025-12-16 05:21:41', '2025-12-16 06:00:03'),
(792, 'Yoyo', 'Trillest', '5', 85185, 0, '0', '1', '0', 11, 34, '2025-12-16 05:21:41', '2025-12-16 06:00:03'),
(793, 'AKA', 'Tuhao', '1', 0, 0, '0', '0', '0', 31, 35, '2025-12-16 05:32:10', '2025-12-16 05:32:10'),
(794, 'Eikq', 'Sirivaradeechtanakul', '1', 113810, 0, '0', '1', '0', 21, 35, '2025-12-16 05:32:10', '2025-12-16 05:59:07'),
(795, 'Moji', 'Wisejworawej', '1', 0, 0, '0', '0', '0', 25, 35, '2025-12-16 05:32:10', '2025-12-16 05:32:10'),
(796, 'Orty', 'Mangkornjaochu', '1', 113810, 0, '0', '1', '0', 20, 35, '2025-12-16 05:32:10', '2025-12-16 05:59:07'),
(797, 'Poploy', 'Moset', '1', 113810, 0, '0', '1', '0', 12, 35, '2025-12-16 05:32:10', '2025-12-16 05:59:07'),
(798, 'Real', 'Hmeee', '1', 113810, 0, '0', '1', '0', 14, 35, '2025-12-16 05:32:10', '2025-12-16 05:59:07'),
(799, 'AKA', 'Tuhao', '1', 0, 0, '0', '0', '0', 31, 36, '2025-12-16 05:32:10', '2025-12-16 05:32:10'),
(800, 'Eikq', 'Sirivaradeechtanakul', '1', 0, 0, '0', '0', '0', 21, 36, '2025-12-16 05:32:10', '2025-12-16 05:32:10'),
(801, 'Moji', 'Wisejworawej', '1', 0, 0, '0', '0', '0', 25, 36, '2025-12-16 05:32:10', '2025-12-16 05:32:10'),
(802, 'Orty', 'Mangkornjaochu', '1', 160952, 0, '0', '1', '0', 20, 36, '2025-12-16 05:32:10', '2025-12-16 05:58:26'),
(803, 'Poploy', 'Moset', '1', 160952, 0, '0', '1', '0', 12, 36, '2025-12-16 05:32:10', '2025-12-16 05:58:26'),
(804, 'Real', 'Hmeee', '1', 160952, 0, '0', '1', '0', 14, 36, '2025-12-16 05:32:10', '2025-12-16 05:58:26'),
(805, 'Beb', 'Raikaat', '2', 113810, 0, '0', '1', '0', 13, 35, '2025-12-16 05:32:41', '2025-12-16 05:59:07'),
(806, 'Betty', 'Westwood', '2', 113810, 0, '0', '1', '0', 2, 35, '2025-12-16 05:32:41', '2025-12-16 05:59:07'),
(807, 'Coco', 'Voyage', '2', 113810, 0, '0', '1', '0', 8, 35, '2025-12-16 05:32:41', '2025-12-16 05:59:07'),
(808, 'Txrbo', 'Raikaat', '2', 113810, 0, '0', '1', '0', 17, 35, '2025-12-16 05:32:41', '2025-12-16 05:59:07'),
(809, 'Zenooo', 'Justwannaknow', '2', 0, 0, '0', '0', '0', 23, 35, '2025-12-16 05:32:41', '2025-12-16 05:32:41'),
(810, 'Zheps', 'Baancoke', '2', 0, 0, '0', '0', '0', 3, 35, '2025-12-16 05:32:41', '2025-12-16 05:32:41'),
(811, 'Beb', 'Raikaat', '2', 160952, 0, '0', '1', '0', 13, 36, '2025-12-16 05:32:41', '2025-12-16 05:58:26'),
(812, 'Betty', 'Westwood', '2', 160952, 0, '0', '1', '0', 2, 36, '2025-12-16 05:32:41', '2025-12-16 05:58:26'),
(813, 'Coco', 'Voyage', '2', 160952, 0, '0', '1', '0', 8, 36, '2025-12-16 05:32:41', '2025-12-16 05:58:26'),
(814, 'Txrbo', 'Raikaat', '2', 160952, 0, '0', '1', '0', 17, 36, '2025-12-16 05:32:41', '2025-12-16 05:58:26'),
(815, 'Zenooo', 'Justwannaknow', '2', 160952, 0, '0', '1', '0', 23, 36, '2025-12-16 05:32:41', '2025-12-16 05:58:26'),
(816, 'Zheps', 'Baancoke', '2', 0, 0, '0', '0', '0', 3, 36, '2025-12-16 05:32:41', '2025-12-16 05:32:41'),
(817, 'Alvin', 'WatDaiTukTua', '3', 0, 0, '0', '0', '0', 6, 35, '2025-12-16 05:33:05', '2025-12-16 05:33:05'),
(818, 'Kraken', 'Aonglong', '3', 113810, 0, '0', '1', '0', 28, 35, '2025-12-16 05:33:05', '2025-12-16 05:59:07'),
(819, 'PP', 'Spanser', '3', 0, 0, '0', '0', '0', 26, 35, '2025-12-16 05:33:05', '2025-12-16 05:33:05'),
(820, 'Ro', 'TNP', '3', 113810, 0, '0', '1', '0', 7, 35, '2025-12-16 05:33:05', '2025-12-16 05:59:07'),
(821, 'Tum', 'Ggez', '3', 0, 0, '0', '0', '0', 10, 35, '2025-12-16 05:33:05', '2025-12-16 05:33:05'),
(822, 'Verse', 'Certifiedredflag', '3', 113810, 0, '0', '1', '0', 30, 35, '2025-12-16 05:33:05', '2025-12-16 05:59:07'),
(823, 'Alvin', 'WatDaiTukTua', '3', 160952, 0, '0', '1', '0', 6, 36, '2025-12-16 05:33:05', '2025-12-16 05:58:26'),
(824, 'Kraken', 'Aonglong', '3', 160952, 0, '0', '1', '0', 28, 36, '2025-12-16 05:33:05', '2025-12-16 05:58:26'),
(825, 'PP', 'Spanser', '3', 0, 0, '0', '0', '0', 26, 36, '2025-12-16 05:33:05', '2025-12-16 05:33:05'),
(826, 'Ro', 'TNP', '3', 160952, 0, '0', '1', '0', 7, 36, '2025-12-16 05:33:05', '2025-12-16 05:58:26'),
(827, 'Tum', 'Ggez', '3', 160952, 0, '0', '1', '0', 10, 36, '2025-12-16 05:33:05', '2025-12-16 05:58:26'),
(828, 'Verse', 'Certifiedredflag', '3', 0, 0, '0', '0', '0', 30, 36, '2025-12-16 05:33:05', '2025-12-16 05:33:05'),
(829, 'Apex', 'Asewahemthenwankulwong', '4', 113810, 0, '0', '1', '0', 22, 35, '2025-12-16 05:34:19', '2025-12-16 05:59:07'),
(830, 'Childe', 'Atreides', '4', 113810, 0, '0', '1', '0', 29, 35, '2025-12-16 05:34:19', '2025-12-16 05:59:07'),
(831, 'Esso', 'Luvter', '4', 113810, 0, '0', '1', '0', 1, 35, '2025-12-16 05:34:19', '2025-12-16 05:59:07'),
(832, 'Kiwi', 'Targayen', '4', 113810, 0, '0', '1', '0', 9, 35, '2025-12-16 05:34:19', '2025-12-16 05:59:07'),
(833, 'Luna', 'Corleone', '4', 113810, 0, '0', '1', '0', 19, 35, '2025-12-16 05:34:19', '2025-12-16 05:59:07'),
(834, 'Muyu', 'Atreides', '4', 0, 0, '0', '0', '0', 27, 35, '2025-12-16 05:34:19', '2025-12-16 05:34:19'),
(835, 'Apex', 'Asewahemthenwankulwong', '4', 160952, 0, '0', '1', '0', 22, 36, '2025-12-16 05:34:19', '2025-12-16 05:58:26'),
(836, 'Childe', 'Atreides', '4', 160952, 0, '0', '1', '0', 29, 36, '2025-12-16 05:34:19', '2025-12-16 05:58:26'),
(837, 'Esso', 'Luvter', '4', 0, 0, '0', '0', '0', 1, 36, '2025-12-16 05:34:19', '2025-12-16 05:34:19'),
(838, 'Kiwi', 'Targayen', '4', 160952, 0, '0', '1', '0', 9, 36, '2025-12-16 05:34:19', '2025-12-16 05:58:26'),
(839, 'Luna', 'Corleone', '4', 160952, 0, '0', '1', '0', 19, 36, '2025-12-16 05:34:19', '2025-12-16 05:58:26'),
(840, 'Muyu', 'Atreides', '4', 160952, 0, '0', '1', '0', 27, 36, '2025-12-16 05:34:19', '2025-12-16 05:58:26'),
(841, 'Aezen', 'Trillest', '5', 113810, 0, '0', '1', '0', 18, 35, '2025-12-16 05:34:43', '2025-12-16 06:32:40'),
(842, 'Jxyson', 'Trillest', '5', 113810, 0, '0', '1', '0', 5, 35, '2025-12-16 05:34:43', '2025-12-16 05:59:07'),
(843, 'Mary', 'Jxn', '5', 0, 0, '0', '0', '0', 15, 35, '2025-12-16 05:34:43', '2025-12-16 05:34:43'),
(844, 'Mikey', 'Trillest', '5', 113810, 0, '0', '1', '0', 24, 35, '2025-12-16 05:34:43', '2025-12-16 05:59:07'),
(845, 'Time', 'Trillest', '5', 113810, 0, '0', '1', '0', 16, 35, '2025-12-16 05:34:43', '2025-12-16 05:59:07'),
(846, 'Yoyo', 'Trillest', '5', 0, 0, '0', '0', '0', 11, 35, '2025-12-16 05:34:43', '2025-12-16 05:34:43'),
(847, 'Aezen', 'Trillest', '5', 160952, 0, '0', '1', '0', 18, 36, '2025-12-16 05:34:43', '2025-12-16 06:32:40'),
(848, 'Jxyson', 'Trillest', '5', 0, 0, '0', '0', '0', 5, 36, '2025-12-16 05:34:43', '2025-12-16 05:34:43'),
(849, 'Mary', 'Jxn', '5', 0, 0, '0', '0', '0', 15, 36, '2025-12-16 05:34:43', '2025-12-16 05:34:43'),
(850, 'Mikey', 'Trillest', '5', 160952, 0, '0', '1', '0', 24, 36, '2025-12-16 05:34:43', '2025-12-16 05:58:26'),
(851, 'Time', 'Trillest', '5', 160952, 0, '0', '1', '0', 16, 36, '2025-12-16 05:34:43', '2025-12-16 05:58:26'),
(852, 'Yoyo', 'Trillest', '5', 0, 0, '0', '0', '0', 11, 36, '2025-12-16 05:34:43', '2025-12-16 05:34:43');

-- --------------------------------------------------------

--
-- Table structure for table `checkins`
--

CREATE TABLE `checkins` (
  `id` bigint(20) UNSIGNED NOT NULL,
  `checkin_desc` varchar(255) COLLATE utf8mb4_unicode_ci NOT NULL,
  `checkin_date` datetime DEFAULT NULL,
  `checkin_payment` varchar(255) COLLATE utf8mb4_unicode_ci NOT NULL DEFAULT '0',
  `checkin_itemdesc` varchar(255) COLLATE utf8mb4_unicode_ci DEFAULT NULL,
  `checkin_total` int(11) NOT NULL DEFAULT 0,
  `checkin_member` int(11) NOT NULL DEFAULT 0,
  `checkin_win` varchar(255) COLLATE utf8mb4_unicode_ci NOT NULL DEFAULT '0',
  `checkin_payer` varchar(255) COLLATE utf8mb4_unicode_ci DEFAULT NULL,
  `checkin_payerid` int(11) NOT NULL DEFAULT 0,
  `checkin_lock` varchar(255) COLLATE utf8mb4_unicode_ci NOT NULL DEFAULT '0',
  `created_at` timestamp NULL DEFAULT NULL,
  `updated_at` timestamp NULL DEFAULT NULL
) ENGINE=InnoDB DEFAULT CHARSET=utf8mb4 COLLATE=utf8mb4_unicode_ci;

--
-- Dumping data for table `checkins`
--

INSERT INTO `checkins` (`id`, `checkin_desc`, `checkin_date`, `checkin_payment`, `checkin_itemdesc`, `checkin_total`, `checkin_member`, `checkin_win`, `checkin_payer`, `checkin_payerid`, `checkin_lock`, `created_at`, `updated_at`) VALUES
(6, ' 00.00', '2025-12-01 00:00:00', '0', ' 5  13', 0, 0, '1', NULL, 23, '1', '2025-12-01 00:30:12', '2025-12-02 21:21:21'),
(7, ' 21.00', '2025-12-02 21:00:00', '0', ' 5  11', 0, 0, '1', NULL, 23, '1', '2025-12-02 21:02:37', '2025-12-02 21:21:13'),
(8, ' 00.00', '2025-12-02 00:00:00', '1', ' 5  15', 3900000, 0, '1', NULL, 23, '1', '2025-12-02 21:02:37', '2025-12-03 00:13:11'),
(9, ' 21.00', '2025-12-03 21:00:00', '1', ' 5  13', 3380000, 0, '1', NULL, 14, '1', '2025-12-03 00:02:29', '2025-12-16 05:56:29'),
(10, ' 00.00', '2025-12-03 00:00:00', '0', NULL, 0, 0, '0', NULL, 14, '1', '2025-12-03 00:02:29', '2025-12-16 05:41:22'),
(11, ' 21.00', '2025-12-04 21:00:00', '0', NULL, 0, 0, '0', NULL, 23, '1', '2025-12-04 14:02:10', '2025-12-05 05:09:33'),
(12, ' 00.00', '2025-12-04 23:59:00', '0', NULL, 0, 0, '0', NULL, 23, '1', '2025-12-04 14:02:10', '2025-12-05 05:09:26'),
(13, ' 21.00', '2025-12-05 21:00:00', '0', NULL, 0, 0, '0', NULL, 0, '1', '2025-12-05 14:02:04', '2025-12-06 09:12:27'),
(14, ' 00.00', '2025-12-05 00:00:00', '0', ' 5  13', 0, 0, '1', NULL, 23, '1', '2025-12-05 14:02:04', '2025-12-05 17:10:59'),
(15, ' 21.00', '2025-12-06 21:00:00', '0', '', 0, 0, '0', NULL, 0, '0', '2025-12-06 14:03:04', '2025-12-06 14:03:04'),
(16, ' 00.00', '2025-12-06 00:00:00', '0', ' 5  11', 0, 0, '1', NULL, 23, '1', '2025-12-06 14:03:04', '2025-12-06 17:11:23'),
(17, ' 21.00', '2025-12-07 21:00:00', '0', '', 0, 0, '0', NULL, 0, '0', '2025-12-07 17:02:05', '2025-12-07 17:02:05'),
(18, ' 00.00', '2025-12-07 00:00:00', '0', '', 0, 0, '0', NULL, 0, '0', '2025-12-07 17:02:05', '2025-12-07 17:02:05'),
(19, ' 21.00', '2025-12-08 21:00:00', '0', NULL, 0, 0, '0', NULL, 0, '1', '2025-12-08 13:58:01', '2025-12-08 14:21:03'),
(20, ' 00.00', '2025-12-08 00:00:00', '1', ' 5  14', 3640000, 0, '1', NULL, 23, '1', '2025-12-08 13:58:01', '2025-12-08 17:14:28'),
(21, ' 21.00', '2025-12-09 21:00:00', '0', NULL, 0, 0, '0', NULL, 0, '1', '2025-12-09 14:02:50', '2025-12-10 10:45:01'),
(22, ' 00.00', '2025-12-09 00:00:00', '0', NULL, 0, 0, '0', NULL, 0, '1', '2025-12-09 14:02:50', '2025-12-10 10:45:16'),
(23, ' 21.00', '2025-12-11 21:00:00', '0', ' 5  xx', 0, 0, '0', NULL, 0, '1', '2025-12-11 14:01:45', '2025-12-12 11:26:58'),
(24, ' 00.00', '2025-12-11 00:00:00', '1', ' 11 MERGE vs SOWHAT ', 2860000, 0, '1', NULL, 14, '1', '2025-12-11 14:01:45', '2025-12-15 15:40:14'),
(25, ' 21.00', '2025-12-12 21:00:00', '0', '', 0, 0, '0', NULL, 0, '0', '2025-12-12 12:20:15', '2025-12-12 12:20:15'),
(26, ' 00.00', '2025-12-12 00:00:00', '0', '', 0, 0, '0', NULL, 0, '0', '2025-12-12 12:20:15', '2025-12-12 12:20:15'),
(27, ' 21.00', '2025-12-13 21:00:00', '0', '', 0, 0, '0', NULL, 0, '0', '2025-12-13 14:01:26', '2025-12-13 14:01:26'),
(28, ' 00.00', '2025-12-13 00:00:00', '0', '', 0, 0, '0', NULL, 0, '0', '2025-12-13 14:01:26', '2025-12-13 14:01:26'),
(29, ' 21.00', '2025-12-14 21:00:00', '0', '', 0, 0, '0', NULL, 0, '0', '2025-12-13 17:02:40', '2025-12-13 17:02:40'),
(30, ' 00.00', '2025-12-14 00:00:00', '1', '10', 2600000, 0, '1', NULL, 14, '1', '2025-12-13 17:02:40', '2025-12-15 15:39:19'),
(31, ' 21.00', '2025-12-15 21:00:00', '0', '', 0, 0, '0', NULL, 0, '0', '2025-12-14 17:08:22', '2025-12-14 17:08:22'),
(32, ' 00.00', '2025-12-15 00:00:00', '0', '', 0, 0, '0', NULL, 0, '0', '2025-12-14 17:08:22', '2025-12-14 17:08:22'),
(33, ' 21.00', '2025-11-29 21:00:00', '1', ' 5  13', 2832631, 0, '1', NULL, 14, '1', '2025-12-16 05:20:31', '2025-12-16 06:00:42'),
(34, ' 00.00', '2025-11-29 00:00:00', '1', ' 5  10', 2214814, 0, '1', NULL, 14, '1', '2025-12-16 05:20:31', '2025-12-16 06:00:03'),
(35, ' 21.00', '2025-11-30 21:00:00', '1', ' 5  10', 2276190, 0, '1', NULL, 14, '1', '2025-12-16 05:32:10', '2025-12-16 05:59:07'),
(36, ' 00.00', '2025-11-30 00:00:00', '1', ' 5  13', 3219047, 0, '1', NULL, 14, '1', '2025-12-16 05:32:10', '2025-12-16 05:58:26');

-- --------------------------------------------------------

--
-- Table structure for table `failed_jobs`
--

CREATE TABLE `failed_jobs` (
  `id` bigint(20) UNSIGNED NOT NULL,
  `uuid` varchar(255) COLLATE utf8mb4_unicode_ci NOT NULL,
  `connection` text COLLATE utf8mb4_unicode_ci NOT NULL,
  `queue` text COLLATE utf8mb4_unicode_ci NOT NULL,
  `payload` longtext COLLATE utf8mb4_unicode_ci NOT NULL,
  `exception` longtext COLLATE utf8mb4_unicode_ci NOT NULL,
  `failed_at` timestamp NOT NULL DEFAULT current_timestamp()
) ENGINE=InnoDB DEFAULT CHARSET=utf8mb4 COLLATE=utf8mb4_unicode_ci;

-- --------------------------------------------------------

--
-- Table structure for table `invdescs`
--

CREATE TABLE `invdescs` (
  `id` bigint(20) UNSIGNED NOT NULL,
  `note` varchar(255) COLLATE utf8mb4_unicode_ci DEFAULT NULL,
  `type` varchar(255) COLLATE utf8mb4_unicode_ci NOT NULL,
  `amount` int(11) NOT NULL,
  `user_id` bigint(20) UNSIGNED NOT NULL,
  `inv_id` bigint(20) UNSIGNED NOT NULL,
  `created_at` timestamp NULL DEFAULT NULL,
  `updated_at` timestamp NULL DEFAULT NULL
) ENGINE=InnoDB DEFAULT CHARSET=utf8mb4 COLLATE=utf8mb4_unicode_ci;

--
-- Dumping data for table `invdescs`
--

INSERT INTO `invdescs` (`id`, `note`, `type`, `amount`, `user_id`, `inv_id`, `created_at`, `updated_at`) VALUES
(24, ' 7-12-2025', '0', 300000, 14, 6, '2025-12-09 10:01:37', '2025-12-09 10:01:37'),
(25, NULL, '0', 5, 14, 9, '2025-12-09 10:02:30', '2025-12-09 10:02:30'),
(26, NULL, '0', 1, 14, 7, '2025-12-09 10:03:05', '2025-12-09 10:03:05'),
(27, NULL, '0', 15, 23, 9, '2025-12-09 12:55:45', '2025-12-09 12:55:45'),
(28, NULL, '0', 1, 23, 10, '2025-12-09 12:56:26', '2025-12-09 12:56:26'),
(29, ' +', '0', 12900000, 14, 5, '2025-12-09 13:11:14', '2025-12-09 13:11:14'),
(30, '', '1', 5500000, 14, 5, '2025-12-09 13:12:06', '2025-12-09 13:12:06'),
(31, '', '1', 5000000, 14, 5, '2025-12-09 13:13:26', '2025-12-09 13:13:26'),
(32, '', '1', 15, 23, 9, '2025-12-09 13:14:17', '2025-12-09 13:14:17'),
(33, '', '0', 15, 14, 9, '2025-12-09 13:14:46', '2025-12-09 13:14:46'),
(34, ' 25 ', '1', 37500, 14, 6, '2025-12-10 09:58:59', '2025-12-10 09:58:59'),
(35, NULL, '0', 25, 14, 11, '2025-12-10 09:59:24', '2025-12-10 09:59:24'),
(36, ' merVSsowhat', '0', 5, 14, 9, '2025-12-12 03:57:00', '2025-12-12 03:57:00'),
(37, ' MERvsZK', '1', 750000, 14, 5, '2025-12-12 16:32:35', '2025-12-12 16:32:35'),
(38, 'MERvsZK', '1', 25, 14, 9, '2025-12-12 16:54:06', '2025-12-12 16:54:06'),
(39, 'MERvsZK', '1', 25, 14, 11, '2025-12-12 16:54:24', '2025-12-12 16:54:24'),
(40, 'zeno ', '1', 100000, 14, 6, '2025-12-14 07:42:16', '2025-12-14 07:42:16'),
(41, 'TUM ', '1', 50000, 14, 6, '2025-12-14 07:42:36', '2025-12-14 07:42:36'),
(42, ' 14-12-2025', '0', 300000, 14, 6, '2025-12-14 15:24:46', '2025-12-14 15:24:46'),
(43, 'R3 2 7,14 Dec 2025', '1', 180000, 14, 6, '2025-12-14 15:25:40', '2025-12-14 15:25:40'),
(44, '', '0', 55, 14, 8, '2025-12-14 15:40:40', '2025-12-14 15:40:40'),
(45, NULL, '0', 1, 12, 10, '2025-12-14 15:41:10', '2025-12-14 15:41:10'),
(46, 'MERvsZT', '0', 5, 14, 9, '2025-12-14 17:11:52', '2025-12-14 17:11:52'),
(47, ' Betty 230k', '1', 15, 14, 8, '2025-12-14 17:12:45', '2025-12-14 17:12:45'),
(48, 'kiwi ', '1', 1, 14, 7, '2025-12-15 05:03:33', '2025-12-15 05:03:33'),
(49, 'MERvsKDD', '0', 5, 14, 9, '2025-12-15 14:08:37', '2025-12-15 14:08:37'),
(50, 'R.260k', '1', 15, 14, 8, '2025-12-15 14:09:17', '2025-12-15 14:09:17'),
(51, 'MERvsKDD', '0', 14, 14, 8, '2025-12-15 14:09:58', '2025-12-15 14:09:58');

-- --------------------------------------------------------

--
-- Table structure for table `invowners`
--

CREATE TABLE `invowners` (
  `id` bigint(20) UNSIGNED NOT NULL,
  `amount` int(11) NOT NULL,
  `inv_id` bigint(20) UNSIGNED NOT NULL,
  `user_id` bigint(20) UNSIGNED NOT NULL,
  `created_at` timestamp NULL DEFAULT NULL,
  `updated_at` timestamp NULL DEFAULT NULL
) ENGINE=InnoDB DEFAULT CHARSET=utf8mb4 COLLATE=utf8mb4_unicode_ci;

--
-- Dumping data for table `invowners`
--

INSERT INTO `invowners` (`id`, `amount`, `inv_id`, `user_id`, `created_at`, `updated_at`) VALUES
(8, 232500, 6, 14, '2025-12-09 10:01:37', '2025-12-14 15:25:40'),
(9, 10, 9, 14, '2025-12-09 10:02:31', '2025-12-15 14:08:37'),
(10, 0, 7, 14, '2025-12-09 10:03:05', '2025-12-15 05:03:33'),
(11, 0, 9, 23, '2025-12-09 12:55:46', '2025-12-09 13:14:17'),
(12, 1, 10, 23, '2025-12-09 12:56:26', '2025-12-09 12:56:26'),
(13, 1650000, 5, 14, '2025-12-09 13:11:14', '2025-12-12 16:32:35'),
(14, 0, 11, 14, '2025-12-10 09:59:24', '2025-12-12 16:54:24'),
(15, 39, 8, 14, '2025-12-14 15:40:40', '2025-12-15 14:09:58'),
(16, 1, 10, 12, '2025-12-14 15:41:10', '2025-12-14 15:41:10');

-- --------------------------------------------------------

--
-- Table structure for table `invs`
--

CREATE TABLE `invs` (
  `id` bigint(20) UNSIGNED NOT NULL,
  `desc` varchar(255) COLLATE utf8mb4_unicode_ci NOT NULL,
  `imgpath` varchar(255) COLLATE utf8mb4_unicode_ci DEFAULT NULL,
  `amount` int(11) NOT NULL DEFAULT 0,
  `created_at` timestamp NULL DEFAULT NULL,
  `updated_at` timestamp NULL DEFAULT NULL
) ENGINE=InnoDB DEFAULT CHARSET=utf8mb4 COLLATE=utf8mb4_unicode_ci;

--
-- Dumping data for table `invs`
--

INSERT INTO `invs` (`id`, `desc`, `imgpath`, `amount`, `created_at`, `updated_at`) VALUES
(5, '', '1765273774.jpg', 0, '2025-12-09 09:49:34', '2025-12-09 09:49:34'),
(6, '', '1765273789.jpg', 0, '2025-12-09 09:49:49', '2025-12-09 09:49:49'),
(7, '', '1765273807.jpg', 0, '2025-12-09 09:50:07', '2025-12-09 09:50:07'),
(8, '', '1765273878.jpg', 0, '2025-12-09 09:50:20', '2025-12-09 09:51:18'),
(9, ' 2', '1765273896.jpg', 0, '2025-12-09 09:51:36', '2025-12-09 09:51:36'),
(10, '', '1765273914.jpg', 0, '2025-12-09 09:51:54', '2025-12-09 09:51:54'),
(11, '', '1765284603.jpg', 0, '2025-12-09 12:50:03', '2025-12-09 12:50:03');

-- --------------------------------------------------------

--
-- Table structure for table `migrations`
--

CREATE TABLE `migrations` (
  `id` int(10) UNSIGNED NOT NULL,
  `migration` varchar(255) COLLATE utf8mb4_unicode_ci NOT NULL,
  `batch` int(11) NOT NULL
) ENGINE=InnoDB DEFAULT CHARSET=utf8mb4 COLLATE=utf8mb4_unicode_ci;

--
-- Dumping data for table `migrations`
--

INSERT INTO `migrations` (`id`, `migration`, `batch`) VALUES
(1, '2014_10_12_000000_create_users_table', 1),
(2, '2014_10_12_100000_create_password_resets_table', 1),
(3, '2019_08_19_000000_create_failed_jobs_table', 1),
(4, '2025_11_28_030954_create_checkins_table', 1),
(5, '2025_11_28_031736_create_checkindescs_table', 1);

-- --------------------------------------------------------

--
-- Table structure for table `password_resets`
--

CREATE TABLE `password_resets` (
  `email` varchar(255) COLLATE utf8mb4_unicode_ci NOT NULL,
  `token` varchar(255) COLLATE utf8mb4_unicode_ci NOT NULL,
  `created_at` timestamp NULL DEFAULT NULL
) ENGINE=InnoDB DEFAULT CHARSET=utf8mb4 COLLATE=utf8mb4_unicode_ci;

-- --------------------------------------------------------

--
-- Table structure for table `users`
--

CREATE TABLE `users` (
  `id` bigint(20) UNSIGNED NOT NULL,
  `fname` varchar(255) COLLATE utf8mb4_unicode_ci NOT NULL,
  `lname` varchar(255) COLLATE utf8mb4_unicode_ci NOT NULL,
  `phone` varchar(255) COLLATE utf8mb4_unicode_ci NOT NULL,
  `homesup` varchar(255) COLLATE utf8mb4_unicode_ci NOT NULL,
  `homenumber` varchar(255) COLLATE utf8mb4_unicode_ci NOT NULL,
  `slotnumber` varchar(255) COLLATE utf8mb4_unicode_ci NOT NULL,
  `slotactive` varchar(255) COLLATE utf8mb4_unicode_ci NOT NULL,
  `status` varchar(255) COLLATE utf8mb4_unicode_ci NOT NULL,
  `username` varchar(255) COLLATE utf8mb4_unicode_ci NOT NULL,
  `password` varchar(255) COLLATE utf8mb4_unicode_ci NOT NULL,
  `remember_token` varchar(100) COLLATE utf8mb4_unicode_ci DEFAULT NULL,
  `created_at` timestamp NULL DEFAULT NULL,
  `updated_at` timestamp NULL DEFAULT NULL
) ENGINE=InnoDB DEFAULT CHARSET=utf8mb4 COLLATE=utf8mb4_unicode_ci;

--
-- Dumping data for table `users`
--

INSERT INTO `users` (`id`, `fname`, `lname`, `phone`, `homesup`, `homenumber`, `slotnumber`, `slotactive`, `status`, `username`, `password`, `remember_token`, `created_at`, `updated_at`) VALUES
(1, 'Esso', 'Luvter', '0', '0', '4', '1', '1', '1', '0', '$2y$10$MT.28YJNtATdPt4Aw5oPfO2Gb6NZg2t0kFouNQtZli.uXnmeBwC7K', NULL, '2025-12-04 04:20:18', '2025-12-04 04:20:18'),
(2, 'Betty', 'Westwood', '35622', '0', '2', '2', '1', '1', '35622', '$2y$10$dmAasNfmPZEBuNcZgP6IjOnNPddNQlq5tsTLX3bt1TuPnudDKk8sO', NULL, '2025-12-04 04:20:18', '2025-12-04 04:20:18'),
(3, 'Zheps', 'Baancoke', '65211', '0', '2', '3', '1', '1', '65211', '$2y$10$w.3WX37we3YEncdOmSzjV.d3fBG9rOn/Wbmm/8CT7JV/fpTwKZM3q', NULL, '2025-12-04 04:20:18', '2025-12-04 04:20:18'),
(4, 'Snim', 'Croft', '75612', '0', '1', '0', '0', '1', '75612', '$2y$10$UgZj1L6cIUFoTM6VbspDJeVizjnF9I.XCr2ROcm/HIGpJ31PPphNW', NULL, '2025-12-04 04:20:18', '2025-12-08 13:37:10'),
(5, 'Jxyson', 'Trillest', '24708', '1', '5', '5', '1', '1', '24708', '$2y$10$mY3mUBkTU8eV8OgldrXjNuo7AfEBT7nf.E7bNJoF79d/2Z.k5Zl0u', NULL, '2025-12-04 04:20:18', '2025-12-04 04:20:18'),
(6, 'Alvin', 'WatDaiTukTua', '13950', '0', '3', '6', '1', '1', '13950', '$2y$10$NpTg1hqYVDAQJ12GWb9zTO2Rw9EBSQO88i3E1BbYlIsdFk325Muxi', NULL, '2025-12-04 04:20:19', '2025-12-04 04:20:19'),
(7, 'Ro', 'TNP', '92248', '1', '3', '7', '1', '1', '92248', '$2y$10$QlOJEHdgLHjyt.l2uyNMSOcLLgE9zn9nRsqqTj8GqUHZr0SqR0FIO', NULL, '2025-12-04 04:20:19', '2025-12-04 04:20:19'),
(8, 'Coco', 'Voyage', '74638', '0', '2', '8', '1', '1', '74638', '$2y$10$S5W0bOliuV9/qIvnfya1GeY/WHFtRLMowkIMfG0vXuLJ2xw0pJDc2', NULL, '2025-12-04 04:20:19', '2025-12-04 04:20:19'),
(9, 'Kiwi', 'Targayen', '97616', '0', '4', '0', '1', '1', '97616', '$2y$10$0oNtWF4nDYXl/FwLGuPeMOlw6pBmHAI9QZSIkQLSg8lirspIJO/Pq', NULL, '2025-12-04 04:20:19', '2025-12-14 14:08:19'),
(10, 'Tum', 'Ggez', '36747', '0', '3', '10', '1', '1', '36747', '$2y$10$q6w7tsVfr8d7H7bsWAGGYOGFE9SdYvnha4J4mzDS6eC7QSDvalUzm', NULL, '2025-12-04 04:20:19', '2025-12-04 04:20:19'),
(11, 'Yoyo', 'Trillest', '10748', '0', '5', '11', '1', '1', '10748', '$2y$10$aiPmBiQgWZtHuGNu4SROy.g249i7UzyFgse7UkybWF103duY21nfe', NULL, '2025-12-04 04:20:19', '2025-12-04 04:20:19'),
(12, 'Poploy', 'Moset', '71221', '0', '1', '12', '1', '1', '71221', '$2y$10$F.ksbUf7fnn9JaNnAcxww.KqgIt857n2ZcM59ds7EyS3pbLnT8WqO', NULL, '2025-12-04 04:20:19', '2025-12-04 04:20:19'),
(13, 'Beb', 'Raikaat', '81081', '0', '2', '13', '1', '1', '81081', '$2y$10$1FKLBtIooGH7NE/BOhN4pO1H/6PD6w0zDK9Ae20URt2iFyVv58fs2', NULL, '2025-12-04 04:20:19', '2025-12-04 04:20:19'),
(14, 'Real', 'Hmeee', '82901', '0', '1', '14', '1', '1', '82901', '$2y$10$vJtnB4vp9R85OrY5BP8FKOIyS2PlBSpDP3Sen7YdQuQJp/lJXmLZ.', NULL, '2025-12-04 04:20:19', '2025-12-04 04:20:19'),
(15, 'Mary', 'Jxn', '36627', '0', '5', '15', '1', '1', '36627', '$2y$10$5ycOks0nbFlfViePA4siOuEbS6jjGq8i/tMUg7LXVUDQhG59o2Hna', NULL, '2025-12-04 04:20:19', '2025-12-04 04:20:19'),
(16, 'Time', 'Trillest', '0', '0', '5', '16', '1', '1', '0', '$2y$10$PSGv9mg4nEhhEpiUNaNqXeFdtCQhtx3ilsi9HzI97jHrk334OYdC6', NULL, '2025-12-04 04:20:19', '2025-12-04 04:20:19'),
(17, 'Txrbo', 'Raikaat', '23343', '0', '2', '17', '1', '1', '23343', '$2y$10$v4eIkCpsXOkfzj6hsFZYRuk9L8o524ZAy8mgsbPYH5o7XXufFSSJq', NULL, '2025-12-04 04:20:20', '2025-12-04 04:20:20'),
(18, 'Aezen', 'Trillest', '47539', '0', '5', '18', '1', '1', '47539', '$2y$10$zX6i.X..pBfLUsuC9SP1WO.D5n.YiynIB0jBQPBZBj.HBzL4xMlmy', NULL, '2025-12-04 04:20:20', '2025-12-04 04:20:20'),
(19, 'Luna', 'Corleone', '98339', '0', '4', '19', '1', '1', '98339', '$2y$10$SBdqaRsbnztfhOE66xiRq.MXp9jIufj5.uUkvBmYvaEt6iAWh18k6', NULL, '2025-12-04 04:20:20', '2025-12-04 04:20:20'),
(20, 'Orty', 'Mangkornjaochu', '77812', '1', '1', '20', '1', '1', '77812', '$2y$10$SJnYrv6cgLi9YA8OGhTPLuB2KiC88EIbZGUx/dxgSL6fBohBgirVm', NULL, '2025-12-04 04:20:20', '2025-12-04 04:20:20'),
(21, 'Eikq', 'Sirivaradeechtanakul', '52257', '0', '1', '21', '1', '1', '52257', '$2y$10$6H3psXuaVKJR1ozC7O.X9urJdmPmeRaEiHnOCi.ud0oqhdV1wMeTi', NULL, '2025-12-04 04:20:20', '2025-12-04 04:20:20'),
(22, 'Apex', 'Asewahemthenwankulwong', '33869', '1', '4', '22', '1', '1', '33869', '$2y$10$eP2se0CKIvhY27c.a9c8XeXFYLYf1cpeg7l0QDkkr0JBuNGAfaDLm', NULL, '2025-12-04 04:20:20', '2025-12-14 14:07:36'),
(23, 'Zenooo', 'Justwannaknow', '21236', '1', '2', '23', '1', '1', '21236', '$2y$10$QJmVlqyoHOHmQD4umtgPHeYeZY8dkzDtwgUR49uDN7VeMur3y1Sf.', NULL, '2025-12-04 04:20:20', '2025-12-04 04:20:20'),
(24, 'Mikey', 'Trillest', '0', '0', '5', '24', '1', '1', '0', '$2y$10$BZQZgy.cugVr8TsdBbe56eUCNoxlgZx0qv2fzHhZxwGAYRjz4VttW', NULL, '2025-12-04 04:20:20', '2025-12-04 04:20:20'),
(25, 'Moji', 'Wisejworawej', '47783', '0', '1', '25', '1', '1', '47783', '$2y$10$ZKPJJ8uNn6rd.a0iT7qAKuTj5tMEmodbsXn9pUR2RKOMtSmdVY62K', NULL, '2025-12-04 04:20:21', '2025-12-04 04:20:21'),
(26, 'PP', 'Spanser', '70322', '0', '3', '26', '1', '1', '70322', '$2y$10$4Hl50ygbROZAu1Duvleb0.pDE6xYvUaBOUzCJ5O7r3p0oLs7x3Ene', NULL, '2025-12-04 04:20:21', '2025-12-04 04:20:21'),
(27, 'Muyu', 'Atreides', '19551', '0', '4', '27', '1', '1', '19551', '$2y$10$3khwMt6ut4Bb/K6QIi0Jw.Wbl1xCzfhNLMOeGC.srvD2KdsU52cI6', NULL, '2025-12-04 04:20:21', '2025-12-04 04:20:21'),
(28, 'Kraken', 'Aonglong', '0', '0', '3', '28', '1', '1', '0', '$2y$10$9y0bBUeDh3RwTmM4vaWvbulxlgR1AuMFCZtjS.H7CaIlYXLKDqvWe', NULL, '2025-12-04 04:20:21', '2025-12-04 04:20:21'),
(29, 'Childe', 'Atreides', '39484', '0', '4', '29', '1', '1', '39484', '$2y$10$12sD8WxjTYdzsGvLFxp9ve0j1jfciB9bkKM1FRPi4yE4.Jhi6xDli', NULL, '2025-12-04 04:20:21', '2025-12-04 04:20:21'),
(30, 'Verse', 'Certifiedredflag', '80266', '0', '3', '30', '1', '1', '80266', '$2y$10$4JM39Um3oSnEeEpPcTVmpeT9qgb16pywc85CvHVZ3gEt3BSj6dp3C', NULL, '2025-12-04 04:20:21', '2025-12-04 04:20:21'),
(31, 'AKA', 'Tuhao', '00', '0', '1', '4', '1', '1', '00', '$2y$10$oeybF8jDAzfBqCiItN8kg.IZbcDxM0zrHJ/VSZQFenuwtt63pRRkm', NULL, '2025-12-08 13:37:50', '2025-12-08 13:37:50');

--
-- Indexes for dumped tables
--

--
-- Indexes for table `checkindescs`
--
ALTER TABLE `checkindescs`
  ADD PRIMARY KEY (`id`);

--
-- Indexes for table `checkins`
--
ALTER TABLE `checkins`
  ADD PRIMARY KEY (`id`);

--
-- Indexes for table `failed_jobs`
--
ALTER TABLE `failed_jobs`
  ADD PRIMARY KEY (`id`),
  ADD UNIQUE KEY `failed_jobs_uuid_unique` (`uuid`);

--
-- Indexes for table `invdescs`
--
ALTER TABLE `invdescs`
  ADD PRIMARY KEY (`id`);

--
-- Indexes for table `invowners`
--
ALTER TABLE `invowners`
  ADD PRIMARY KEY (`id`);

--
-- Indexes for table `invs`
--
ALTER TABLE `invs`
  ADD PRIMARY KEY (`id`);

--
-- Indexes for table `migrations`
--
ALTER TABLE `migrations`
  ADD PRIMARY KEY (`id`);

--
-- Indexes for table `password_resets`
--
ALTER TABLE `password_resets`
  ADD KEY `password_resets_email_index` (`email`);

--
-- Indexes for table `users`
--
ALTER TABLE `users`
  ADD PRIMARY KEY (`id`);

--
-- AUTO_INCREMENT for dumped tables
--

--
-- AUTO_INCREMENT for table `checkindescs`
--
ALTER TABLE `checkindescs`
  MODIFY `id` bigint(20) UNSIGNED NOT NULL AUTO_INCREMENT, AUTO_INCREMENT=853;

--
-- AUTO_INCREMENT for table `checkins`
--
ALTER TABLE `checkins`
  MODIFY `id` bigint(20) UNSIGNED NOT NULL AUTO_INCREMENT, AUTO_INCREMENT=37;

--
-- AUTO_INCREMENT for table `failed_jobs`
--
ALTER TABLE `failed_jobs`
  MODIFY `id` bigint(20) UNSIGNED NOT NULL AUTO_INCREMENT;

--
-- AUTO_INCREMENT for table `invdescs`
--
ALTER TABLE `invdescs`
  MODIFY `id` bigint(20) UNSIGNED NOT NULL AUTO_INCREMENT, AUTO_INCREMENT=52;

--
-- AUTO_INCREMENT for table `invowners`
--
ALTER TABLE `invowners`
  MODIFY `id` bigint(20) UNSIGNED NOT NULL AUTO_INCREMENT, AUTO_INCREMENT=17;

--
-- AUTO_INCREMENT for table `invs`
--
ALTER TABLE `invs`
  MODIFY `id` bigint(20) UNSIGNED NOT NULL AUTO_INCREMENT, AUTO_INCREMENT=12;

--
-- AUTO_INCREMENT for table `migrations`
--
ALTER TABLE `migrations`
  MODIFY `id` int(10) UNSIGNED NOT NULL AUTO_INCREMENT, AUTO_INCREMENT=6;

--
-- AUTO_INCREMENT for table `users`
--
ALTER TABLE `users`
  MODIFY `id` bigint(20) UNSIGNED NOT NULL AUTO_INCREMENT, AUTO_INCREMENT=32;
COMMIT;

/*!40101 SET CHARACTER_SET_CLIENT=@OLD_CHARACTER_SET_CLIENT */;
/*!40101 SET CHARACTER_SET_RESULTS=@OLD_CHARACTER_SET_RESULTS */;
/*!40101 SET COLLATION_CONNECTION=@OLD_COLLATION_CONNECTION */;
